Date,Day,Event Type,Event Name,Details,Time / Price,Location,Slide Footer,Slide Type,Hidden Notes,Accent Hex Colour,Countdown Finish,Feature QR,Footer QR,Footer Hyperlink,Slide Duration,Slide Background,Foreground Image,Bubble Text,Lock Slide,Lock Day,Lock Time,Transition,Zoom
3-Apr-2026,Friday,Super Rugby,🔴 Crusaders,vs Fijian Drua,7:05 PM,"Apollo Projects, Chch",,,,,,,,,,,,,,,,,
4/4/2026,Saturday,🟠 Karaoke,with Mel & Dave,Vouchers to be Won!,8:00 PM,,Warriors game is late,,,,,,,,,,,,,,,,
5-Apr-2026,Sunday,NRL,🟢 Warriors,@ Sharks,4:00 PM,Sydney (Away),Sunday afternoon footy,,,,,,,,,,,,,,,,
11-Apr-2026,Saturday,Super Rugby,🔴 Crusaders,@ Reds,9:35 PM,Brisbane (Away),Late night screen,,,,,,,,,,,,,,,,
4/11/2026,Saturday,🟣 Band,Mandy,,8:00 PM,PLAYING HERE LIVE!,CLASH: Games during band,,,,,,,,,,,,,,,,
11-Apr-2026,Saturday,NRL,🟢 Warriors,@ Storm,~9:30 PM,Melbourne (Away),Late night screen,,,,,,,,,,,,,,,,
18-Apr-2026,Saturday,Super Rugby,🔴 Crusaders,@ Force,11:55 PM,Perth (Away),Extremely late,,,,,,,,,,,,,,,,
4/18/2026,Saturday,🟠 Karaoke,with Mel & Dave,Vouchers to be Won!,8:00 PM,,,,,,,,,,,,,,,,,,
18-Apr-2026,Saturday,NRL,🟢 Warriors,vs Titans,5:00 PM,"Go Media Stadium, Auckland",Perfect lead-in to Karaoke,,,,,,,,,,,,,,,,
24-Apr-2026,Friday,Super Rugby,🔴 Crusaders,vs Waratahs,7:35 PM,"One NZ Stadium, Chch",Super Round opening,,,,,,,,,,,,,,,,
4/25/2026,Saturday,🟣 Band,Danny,,8:00 PM,PLAYING HERE LIVE!,,,,,,,,,,,,,,,,,
25-Apr-2026,Saturday,NRL,🟢 Warriors,vs Dolphins,6:00 PM,Wellington,Anzac Day,,,,,,,,,,,,,,,,
2026-04-29,Wednesday,Quiz,Quiz Night,"Every Wednesday Night from 7.00pm, $190 in prizes up for grabs. Bookings Essential.",FREE ENTRY,,,,,,,,,,,,,,,,,,
2026-04-30,Thursday,Food Special,Burger Day Thursdays,"Your choice of Chicken, Beer Battered Fish, Pork Belly or Coasters Beef Burger, all served with Golden Fries & Onion Rings.",$19 each or 2 for $35!,,,,,,,,,,,,,,,,,,
2026-04-30,Thursday,Happy Hour,Happy Hours!,Enjoy 10% discount on selected beverages between 4.30pm & 6.30pm.,10% Off!,,,,,,,,,,,,,,,,,,
2026-04-30,Thursday,Promo,Free Pool Thursdays,Our Pool Table is Free all day and night on Thursdays! Grab a cue and challenge your mates.,FREE,,,,,,,,,,,,,,,,,,
1-May-2026,Friday,Super Rugby,🔴 Crusaders,@ Hurricanes,7:05 PM,Wellington,,,,,,,,,,,,,,,,,
2026-05-01,Friday,Happy Hour,Happy Hours!,Enjoy 10% discount on selected beverages between 4.30pm & 6.30pm.,10% Off!,,,,,,,,,,,,,,,,,,
5/2/2026,Saturday,🟠 Karaoke,with Mel & Dave,Vouchers to be Won!,8:00 PM,,,,,,,,,,,,,,,,,,
2-May-2026,Saturday,NRL,🟢 Warriors,@ Eels,7:30 PM,Sydney (Away),CLASH: Overlaps with Karaoke,,,,,,,,,,,,,,,,
2026-05-03,Sunday,Food Special,Two Course Sunday Roast,"Traditional roast of the day with roasted vegetables, seasonal greens and rich gravy, with an Ice Cream Sundae to finish.",$28,,,,,,,,,,,,,,,,,,
2026-05-04,Monday,Food Special,Steak Day Monday's,"Start your week off with a 200g Succulent Rump Steak, cooked to your liking, served with golden fries and a green garden salad.",$20,,,,,,,,,,,,,,,,,,
2026-05-06,Wednesday,Quiz,Quiz Night,"Every Wednesday Night from 7.00pm, $190 in prizes up for grabs. Bookings Essential.",FREE ENTRY,,,,,,,,,,,,,,,,,,
2026-05-07,Thursday,Food Special,Burger Day Thursdays,"Your choice of Chicken, Beer Battered Fish, Pork Belly or Coasters Beef Burger, all served with Golden Fries & Onion Rings.",$19 each or 2 for $35!,,,,,,,,,,,,,,,,,,
2026-05-07,Thursday,Happy Hour,Happy Hours!,Enjoy 10% discount on selected beverages between 4.30pm & 6.30pm.,10% Off!,,,,,,,,,,,,,,,,,,
2026-05-07,Thursday,Promo,Free Pool Thursdays,Our Pool Table is Free all day and night on Thursdays! Grab a cue and challenge your mates.,FREE,,,,,,,,,,,,,,,,,,
8-May-2026,Friday,Super Rugby,🔴 Crusaders,vs Blues,7:05 PM,"One NZ Stadium, Chch",Blockbuster,,,,,,,,,,,,,,,,
2026-05-08,Friday,Happy Hour,Happy Hours!,Enjoy 10% discount on selected beverages between 4.30pm & 6.30pm.,10% Off!,,,,,,,,,,,,,,,,,,
5/9/2026,Saturday,🟣 Band,String Theory,,8:00 PM,PLAYING HERE LIVE!,,,,,,,,,,,,,,,,,
2026-05-10,Sunday,Food Special,Two Course Sunday Roast,"Traditional roast of the day with roasted vegetables, seasonal greens and rich gravy, with an Ice Cream Sundae to finish.",$28,,,,,,,,,,,,,,,,,,
2026-05-11,Monday,Food Special,Steak Day Monday's,"Start your week off with a 200g Succulent Rump Steak, cooked to your liking, served with golden fries and a green garden salad.",$20,,,,,,,,,,,,,,,,,,
2026-05-13,Wednesday,Quiz,Quiz Night,"Every Wednesday Night from 7.00pm, $190 in prizes up for grabs. Bookings Essential.",FREE ENTRY,,,,,,,,,,,,,,,,,,
2026-05-14,Thursday,Food Special,Burger Day Thursdays,"Your choice of Chicken, Beer Battered Fish, Pork Belly or Coasters Beef Burger, all served with Golden Fries & Onion Rings.",$19 each or 2 for $35!,,,,,,,,,,,,,,,,,,
2026-05-14,Thursday,Happy Hour,Happy Hours!,Enjoy 10% discount on selected beverages between 4.30pm & 6.30pm.,10% Off!,,,,,,,,,,,,,,,,,,
2026-05-14,Thursday,Promo,Free Pool Thursdays,Our Pool Table is Free all day and night on Thursdays! Grab a cue and challenge your mates.,FREE,,,,,,,,,,,,,,,,,,
2026-05-15,Friday,Happy Hour,Happy Hours!,Enjoy 10% discount on selected beverages between 4.30pm & 6.30pm.,10% Off!,,,,,,,,,,,,,,,,,,
5/16/2026,Saturday,🟠 Karaoke,with Mel & Dave,Vouchers to be Won!,8:00 PM,,,,,,,,,,,,,,,,,,
2026-05-17,Sunday,Food Special,Two Course Sunday Roast,"Traditional roast of the day with roasted vegetables, seasonal greens and rich gravy, with an Ice Cream Sundae to finish.",$28,,,,,,,,,,,,,,,,,,
2026-05-18,Monday,Food Special,Steak Day Monday's,"Start your week off with a 200g Succulent Rump Steak, cooked to your liking, served with golden fries and a green garden salad.",$20,,,,,,,,,,,,,,,,,,
2026-05-20,Wednesday,Quiz,Quiz Night,"Every Wednesday Night from 7.00pm, $190 in prizes up for grabs. Bookings Essential.",FREE ENTRY,,,,,,,,,,,,,,,,,,
2026-05-21,Thursday,Food Special,Burger Day Thursdays,"Your choice of Chicken, Beer Battered Fish, Pork Belly or Coasters Beef Burger, all served with Golden Fries & Onion Rings.",$19 each or 2 for $35!,,,,,,,,,,,,,,,,,,
2026-05-21,Thursday,Happy Hour,Happy Hours!,Enjoy 10% discount on selected beverages between 4.30pm & 6.30pm.,10% Off!,,,,,,,,,,,,,,,,,,
2026-05-21,Thursday,Promo,Free Pool Thursdays,Our Pool Table is Free all day and night on Thursdays! Grab a cue and challenge your mates.,FREE,,,,,,,,,,,,,,,,,,
22-May-2026,Friday,Super Rugby,🔴 Crusaders,vs Chiefs,7:05 PM,"One NZ Stadium, Chch",,,,,,,,,,,,,,,,,
2026-05-22,Friday,Happy Hour,Happy Hours!,Enjoy 10% discount on selected beverages between 4.30pm & 6.30pm.,10% Off!,,,,,,,,,,,,,,,,,,
5/23/2026,Saturday,🟠 Karaoke,with Mel & Dave,Vouchers to be Won!,8:00 PM,,,,,,,,,,,,,,,,,,
2026-05-24,Sunday,Food Special,Two Course Sunday Roast,"Traditional roast of the day with roasted vegetables, seasonal greens and rich gravy, with an Ice Cream Sundae to finish.",$28,,,,,,,,,,,,,,,,,,
2026-05-25,Monday,Food Special,Steak Day Monday's,"Start your week off with a 200g Succulent Rump Steak, cooked to your liking, served with golden fries and a green garden salad.",$20,,,,,,,,,,,,,,,,,,
2026-05-27,Wednesday,Quiz,Quiz Night,"Every Wednesday Night from 7.00pm, $190 in prizes up for grabs. Bookings Essential.",FREE ENTRY,,,,,,,,,,,,,,,,,,
2026-05-28,Thursday,Food Special,Burger Day Thursdays,"Your choice of Chicken, Beer Battered Fish, Pork Belly or Coasters Beef Burger, all served with Golden Fries & Onion Rings.",$19 each or 2 for $35!,,,,,,,,,,,,,,,,,,
2026-05-28,Thursday,Happy Hour,Happy Hours!,Enjoy 10% discount on selected beverages between 4.30pm & 6.30pm.,10% Off!,,,,,,,,,,,,,,,,,,
2026-05-28,Thursday,Promo,Free Pool Thursdays,Our Pool Table is Free all day and night on Thursdays! Grab a cue and challenge your mates.,FREE,,,,,,,,,,,,,,,,,,
29-May-2026,Friday,Super Rugby,🔴 Crusaders,vs Hurricanes,7:05 PM,"One NZ Stadium, Chch",,,,,,,,,,,,,,,,,
2026-05-29,Friday,Happy Hour,Happy Hours!,Enjoy 10% discount on selected beverages between 4.30pm & 6.30pm.,10% Off!,,,,,,,,,,,,,,,,,,
5/30/2026,Saturday,🟠 Karaoke,with Mel & Dave,Vouchers to be Won!,8:00 PM,,,,,,,,,,,,,,,,,,
2026-05-31,Sunday,Food Special,Two Course Sunday Roast,"Traditional roast of the day with roasted vegetables, seasonal greens and rich gravy, with an Ice Cream Sundae to finish.",$28,,,,,,,,,,,,,,,,,,
31-May-2026,Sunday,NRL,🟢 Warriors,@ Panthers,8:15 PM,Sydney (Away),Sunday night game,,,,,,,,,,,,,,,,
2026-06-01,Monday,Food Special,Steak Day Monday's,"Start your week off with a 200g Succulent Rump Steak, cooked to your liking, served with golden fries and a green garden salad.",$20,,,,,,,,,,,,,,,,,,
2026-06-03,Wednesday,Quiz,Quiz Night,"Every Wednesday Night from 7.00pm, $190 in prizes up for grabs. Bookings Essential.",FREE ENTRY,,,,,,,,,,,,,,,,,,
2026-06-04,Thursday,Food Special,Burger Day Thursdays,"Your choice of Chicken, Beer Battered Fish, Pork Belly or Coasters Beef Burger, all served with Golden Fries & Onion Rings.",$19 each or 2 for $35!,,,,,,,,,,,,,,,,,,
2026-06-04,Thursday,Happy Hour,Happy Hours!,Enjoy 10% discount on selected beverages between 4.30pm & 6.30pm.,10% Off!,,,,,,,,,,,,,,,,,,
2026-06-04,Thursday,Promo,Free Pool Thursdays,Our Pool Table is Free all day and night on Thursdays! Grab a cue and challenge your mates.,FREE,,,,,,,,,,,,,,,,,,
2026-06-05,Friday,Happy Hour,Happy Hours!,Enjoy 10% discount on selected beverages between 4.30pm & 6.30pm.,10% Off!,,,,,,,,,,,,,,,,,,
6/6/2026,Saturday,🟣 Band,Riccstar,,8:00 PM,PLAYING HERE LIVE!,,,,,,,,,,,,,,,,,
2026-06-07,Sunday,Food Special,Two Course Sunday Roast,"Traditional roast of the day with roasted vegetables, seasonal greens and rich gravy, with an Ice Cream Sundae to finish.",$28,,,,,,,,,,,,,,,,,,
2026-06-08,Monday,Food Special,Steak Day Monday's,"Start your week off with a 200g Succulent Rump Steak, cooked to your liking, served with golden fries and a green garden salad.",$20,,,,,,,,,,,,,,,,,,
2026-06-10,Wednesday,Quiz,Quiz Night,"Every Wednesday Night from 7.00pm, $190 in prizes up for grabs. Bookings Essential.",FREE ENTRY,,,,,,,,,,,,,,,,,,
2026-06-11,Thursday,Food Special,Burger Day Thursdays,"Your choice of Chicken, Beer Battered Fish, Pork Belly or Coasters Beef Burger, all served with Golden Fries & Onion Rings.",$19 each or 2 for $35!,,,,,,,,,,,,,,,,,,
2026-06-11,Thursday,Happy Hour,Happy Hours!,Enjoy 10% discount on selected beverages between 4.30pm & 6.30pm.,10% Off!,,,,,,,,,,,,,,,,,,
2026-06-11,Thursday,Promo,Free Pool Thursdays,Our Pool Table is Free all day and night on Thursdays! Grab a cue and challenge your mates.,FREE,,,,,,,,,,,,,,,,,,
2026-06-12,Friday,Happy Hour,Happy Hours!,Enjoy 10% discount on selected beverages between 4.30pm & 6.30pm.,10% Off!,,,,,,,,,,,,,,,,,,
6/13/2026,Saturday,🟠 Karaoke,with Mel & Dave,Vouchers to be Won!,8:00 PM,,CLASH: Warriors game starts 7:30pm,,,,,,,,,,,,,,,,
13-June-2026,Saturday,NRL,🟢 Warriors,vs Sharks,7:30 PM,"Go Media Stadium, Auckland",CLASH: Overlaps with Karaoke,,,,,,,,,,,,,,,,
2026-06-14,Sunday,Food Special,Two Course Sunday Roast,"Traditional roast of the day with roasted vegetables, seasonal greens and rich gravy, with an Ice Cream Sundae to finish.",$28,,,,,,,,,,,,,,,,,,
2026-06-15,Monday,Food Special,Steak Day Monday's,"Start your week off with a 200g Succulent Rump Steak, cooked to your liking, served with golden fries and a green garden salad.",$20,,,,,,,,,,,,,,,,,,
2026-06-17,Wednesday,Quiz,Quiz Night,"Every Wednesday Night from 7.00pm, $190 in prizes up for grabs. Bookings Essential.",FREE ENTRY,,,,,,,,,,,,,,,,,,
2026-06-18,Thursday,Food Special,Burger Day Thursdays,"Your choice of Chicken, Beer Battered Fish, Pork Belly or Coasters Beef Burger, all served with Golden Fries & Onion Rings.",$19 each or 2 for $35!,,,,,,,,,,,,,,,,,,
2026-06-18,Thursday,Happy Hour,Happy Hours!,Enjoy 10% discount on selected beverages between 4.30pm & 6.30pm.,10% Off!,,,,,,,,,,,,,,,,,,
2026-06-18,Thursday,Promo,Free Pool Thursdays,Our Pool Table is Free all day and night on Thursdays! Grab a cue and challenge your mates.,FREE,,,,,,,,,,,,,,,,,,
2026-06-19,Friday,Happy Hour,Happy Hours!,Enjoy 10% discount on selected beverages between 4.30pm & 6.30pm.,10% Off!,,,,,,,,,,,,,,,,,,
6/20/2026,Saturday,🟣 Band,Huakina,,8:00 PM,PLAYING HERE LIVE!,,,,,,,,,,,,,,,,,
2026-06-21,Sunday,Food Special,Two Course Sunday Roast,"Traditional roast of the day with roasted vegetables, seasonal greens and rich gravy, with an Ice Cream Sundae to finish.",$28,,,,,,,,,,,,,,,,,,
21-June-2026,Sunday,NRL,🟢 Warriors,vs Cowboys,4:00 PM,"One NZ Stadium, Christchurch",Sunday afternoon footy,,,,,,,,,,,,,,,,
2026-06-22,Monday,Food Special,Steak Day Monday's,"Start your week off with a 200g Succulent Rump Steak, cooked to your liking, served with golden fries and a green garden salad.",$20,,,,,,,,,,,,,,,,,,
2026-06-24,Wednesday,Quiz,Quiz Night,"Every Wednesday Night from 7.00pm, $190 in prizes up for grabs. Bookings Essential.",FREE ENTRY,,,,,,,,,,,,,,,,,,
2026-06-25,Thursday,Food Special,Burger Day Thursdays,"Your choice of Chicken, Beer Battered Fish, Pork Belly or Coasters Beef Burger, all served with Golden Fries & Onion Rings.",$19 each or 2 for $35!,,,,,,,,,,,,,,,,,,
2026-06-25,Thursday,Happy Hour,Happy Hours!,Enjoy 10% discount on selected beverages between 4.30pm & 6.30pm.,10% Off!,,,,,,,,,,,,,,,,,,
2026-06-25,Thursday,Promo,Free Pool Thursdays,Our Pool Table is Free all day and night on Thursdays! Grab a cue and challenge your mates.,FREE,,,,,,,,,,,,,,,,,,
2026-06-26,Friday,Happy Hour,Happy Hours!,Enjoy 10% discount on selected beverages between 4.30pm & 6.30pm.,10% Off!,,,,,,,,,,,,,,,,,,
6/27/2026,Saturday,🟠 Karaoke,with Mel & Dave,Vouchers to be Won!,8:00 PM,,,,,,,,,,,,,,,,,,
2026-06-28,Sunday,Food Special,Two Course Sunday Roast,"Traditional roast of the day with roasted vegetables, seasonal greens and rich gravy, with an Ice Cream Sundae to finish.",$28,,,,,,,,,,,,,,,,,,
2026-06-29,Monday,Food Special,Steak Day Monday's,"Start your week off with a 200g Succulent Rump Steak, cooked to your liking, served with golden fries and a green garden salad.",$20,,,,,,,,,,,,,,,,,,
2026-07-01,Wednesday,Quiz,Quiz Night,"Every Wednesday Night from 7.00pm, $190 in prizes up for grabs. Bookings Essential.",FREE ENTRY,,,,,,,,,,,,,,,,,,
2026-07-02,Thursday,Food Special,Burger Day Thursdays,"Your choice of Chicken, Beer Battered Fish, Pork Belly or Coasters Beef Burger, all served with Golden Fries & Onion Rings.",$19 each or 2 for $35!,,,,,,,,,,,,,,,,,,
2026-07-02,Thursday,Happy Hour,Happy Hours!,Enjoy 10% discount on selected beverages between 4.30pm & 6.30pm.,10% Off!,,,,,,,,,,,,,,,,,,
2026-07-02,Thursday,Promo,Free Pool Thursdays,Our Pool Table is Free all day and night on Thursdays! Grab a cue and challenge your mates.,FREE,,,,,,,,,,,,,,,,,,
2026-07-03,Friday,Happy Hour,Happy Hours!,Enjoy 10% discount on selected beverages between 4.30pm & 6.30pm.,10% Off!,,,,,,,,,,,,,,,,,,
7/4/2026,Saturday,🟣/🟠 TBC,,,8:00 PM,Venue,,,,,,,,,,,,,,,,,
2026-07-05,Sunday,Food Special,Two Course Sunday Roast,"Traditional roast of the day with roasted vegetables, seasonal greens and rich gravy, with an Ice Cream Sundae to finish.",$28,,,,,,,,,,,,,,,,,,
2026-07-06,Monday,Food Special,Steak Day Monday's,"Start your week off with a 200g Succulent Rump Steak, cooked to your liking, served with golden fries and a green garden salad.",$20,,,,,,,,,,,,,,,,,,
2026-07-08,Wednesday,Quiz,Quiz Night,"Every Wednesday Night from 7.00pm, $190 in prizes up for grabs. Bookings Essential.",FREE ENTRY,,,,,,,,,,,,,,,,,,
2026-07-09,Thursday,Food Special,Burger Day Thursdays,"Your choice of Chicken, Beer Battered Fish, Pork Belly or Coasters Beef Burger, all served with Golden Fries & Onion Rings.",$19 each or 2 for $35!,,,,,,,,,,,,,,,,,,
2026-07-09,Thursday,Happy Hour,Happy Hours!,Enjoy 10% discount on selected beverages between 4.30pm & 6.30pm.,10% Off!,,,,,,,,,,,,,,,,,,
2026-07-09,Thursday,Promo,Free Pool Thursdays,Our Pool Table is Free all day and night on Thursdays! Grab a cue and challenge your mates.,FREE,,,,,,,,,,,,,,,,,,
2026-07-10,Friday,Happy Hour,Happy Hours!,Enjoy 10% discount on selected beverages between 4.30pm & 6.30pm.,10% Off!,,,,,,,,,,,,,,,,,,
7/11/2026,Saturday,🟣/🟠 TBC,,,8:00 PM,Venue,,,,,,,,,,,,,,,,,
2026-07-12,Sunday,Food Special,Two Course Sunday Roast,"Traditional roast of the day with roasted vegetables, seasonal greens and rich gravy, with an Ice Cream Sundae to finish.",$28,,,,,,,,,,,,,,,,,,
2026-07-13,Monday,Food Special,Steak Day Monday's,"Start your week off with a 200g Succulent Rump Steak, cooked to your liking, served with golden fries and a green garden salad.",$20,,,,,,,,,,,,,,,,,,
2026-07-15,Wednesday,Quiz,Quiz Night,"Every Wednesday Night from 7.00pm, $190 in prizes up for grabs. Bookings Essential.",FREE ENTRY,,,,,,,,,,,,,,,,,,
2026-07-16,Thursday,Food Special,Burger Day Thursdays,"Your choice of Chicken, Beer Battered Fish, Pork Belly or Coasters Beef Burger, all served with Golden Fries & Onion Rings.",$19 each or 2 for $35!,,,,,,,,,,,,,,,,,,
2026-07-16,Thursday,Happy Hour,Happy Hours!,Enjoy 10% discount on selected beverages between 4.30pm & 6.30pm.,10% Off!,,,,,,,,,,,,,,,,,,
2026-07-16,Thursday,Promo,Free Pool Thursdays,Our Pool Table is Free all day and night on Thursdays! Grab a cue and challenge your mates.,FREE,,,,,,,,,,,,,,,,,,
2026-07-17,Friday,Happy Hour,Happy Hours!,Enjoy 10% discount on selected beverages between 4.30pm & 6.30pm.,10% Off!,,,,,,,,,,,,,,,,,,
7/18/2026,Saturday,🟣/🟠 TBC,,,8:00 PM,Venue,,,,,,,,,,,,,,,,,
18-Jul-2026,Saturday,NRL,🟢 Warriors,vs Dragons,7:30 PM,"Go Media Stadium, Auckland",CLASH: Overlaps with 8pm Band,,,,,,,,,,,,,,,,
2026-07-19,Sunday,Food Special,Two Course Sunday Roast,"Traditional roast of the day with roasted vegetables, seasonal greens and rich gravy, with an Ice Cream Sundae to finish.",$28,,,,,,,,,,,,,,,,,,
2026-07-20,Monday,Food Special,Steak Day Monday's,"Start your week off with a 200g Succulent Rump Steak, cooked to your liking, served with golden fries and a green garden salad.",$20,,,,,,,,,,,,,,,,,,
2026-07-22,Wednesday,Quiz,Quiz Night,"Every Wednesday Night from 7.00pm, $190 in prizes up for grabs. Bookings Essential.",FREE ENTRY,,,,,,,,,,,,,,,,,,
2026-07-23,Thursday,Food Special,Burger Day Thursdays,"Your choice of Chicken, Beer Battered Fish, Pork Belly or Coasters Beef Burger, all served with Golden Fries & Onion Rings.",$19 each or 2 for $35!,,,,,,,,,,,,,,,,,,
2026-07-23,Thursday,Happy Hour,Happy Hours!,Enjoy 10% discount on selected beverages between 4.30pm & 6.30pm.,10% Off!,,,,,,,,,,,,,,,,,,
2026-07-23,Thursday,Promo,Free Pool Thursdays,Our Pool Table is Free all day and night on Thursdays! Grab a cue and challenge your mates.,FREE,,,,,,,,,,,,,,,,,,
2026-07-24,Friday,Happy Hour,Happy Hours!,Enjoy 10% discount on selected beverages between 4.30pm & 6.30pm.,10% Off!,,,,,,,,,,,,,,,,,,
7/25/2026,Saturday,🟣/🟠 TBC,,,8:00 PM,Venue,,,,,,,,,,,,,,,,,
25-Jul-2026,Saturday,NRL,🟢 Warriors,@ Bulldogs,7:30 PM,Sydney (Away),CLASH: Overlaps with 8pm Band,,,,,,,,,,,,,,,,
2026-07-26,Sunday,Food Special,Two Course Sunday Roast,"Traditional roast of the day with roasted vegetables, seasonal greens and rich gravy, with an Ice Cream Sundae to finish.",$28,,,,,,,,,,,,,,,,,,
2026-07-27,Monday,Food Special,Steak Day Monday's,"Start your week off with a 200g Succulent Rump Steak, cooked to your liking, served with golden fries and a green garden salad.",$20,,,,,,,,,,,,,,,,,,
2026-07-29,Wednesday,Quiz,Quiz Night,"Every Wednesday Night from 7.00pm, $190 in prizes up for grabs. Bookings Essential.",FREE ENTRY,,,,,,,,,,,,,,,,,,
2026-07-30,Thursday,Food Special,Burger Day Thursdays,"Your choice of Chicken, Beer Battered Fish, Pork Belly or Coasters Beef Burger, all served with Golden Fries & Onion Rings.",$19 each or 2 for $35!,,,,,,,,,,,,,,,,,,
2026-07-30,Thursday,Happy Hour,Happy Hours!,Enjoy 10% discount on selected beverages between 4.30pm & 6.30pm.,10% Off!,,,,,,,,,,,,,,,,,,
2026-07-30,Thursday,Promo,Free Pool Thursdays,Our Pool Table is Free all day and night on Thursdays! Grab a cue and challenge your mates.,FREE,,,,,,,,,,,,,,,,,,
2026-07-31,Friday,Happy Hour,Happy Hours!,Enjoy 10% discount on selected beverages between 4.30pm & 6.30pm.,10% Off!,,,,,,,,,,,,,,,,,,
8/1/2026,Saturday,🟣/🟠 TBC,,,8:00 PM,Venue,,,,,,,,,,,,,,,,,
1-Aug-2026,Saturday,NRL,🟢 Warriors,@ Titans,5:00 PM,Gold Coast (Away),Perfect lead-in to 8pm Band,,,,,,,,,,,,,,,,
2026-08-02,Sunday,Food Special,Two Course Sunday Roast,"Traditional roast of the day with roasted vegetables, seasonal greens and rich gravy, with an Ice Cream Sundae to finish.",$28,,,,,,,,,,,,,,,,,,
2026-08-03,Monday,Food Special,Steak Day Monday's,"Start your week off with a 200g Succulent Rump Steak, cooked to your liking, served with golden fries and a green garden salad.",$20,,,,,,,,,,,,,,,,,,
2026-08-05,Wednesday,Quiz,Quiz Night,"Every Wednesday Night from 7.00pm, $190 in prizes up for grabs. Bookings Essential.",FREE ENTRY,,,,,,,,,,,,,,,,,,
2026-08-06,Thursday,Food Special,Burger Day Thursdays,"Your choice of Chicken, Beer Battered Fish, Pork Belly or Coasters Beef Burger, all served with Golden Fries & Onion Rings.",$19 each or 2 for $35!,,,,,,,,,,,,,,,,,,
2026-08-06,Thursday,Happy Hour,Happy Hours!,Enjoy 10% discount on selected beverages between 4.30pm & 6.30pm.,10% Off!,,,,,,,,,,,,,,,,,,
2026-08-06,Thursday,Promo,Free Pool Thursdays,Our Pool Table is Free all day and night on Thursdays! Grab a cue and challenge your mates.,FREE,,,,,,,,,,,,,,,,,,
2026-08-07,Friday,Happy Hour,Happy Hours!,Enjoy 10% discount on selected beverages between 4.30pm & 6.30pm.,10% Off!,,,,,,,,,,,,,,,,,,
7-Aug-2026,Friday,NRL,🟢 Warriors,vs Panthers,8:00 PM,"Go Media Stadium, Auckland",Friday Night Footy,,,,,,,,,,,,,,,,
8/8/2026,Saturday,🟣/🟠 TBC,,,8:00 PM,Venue,,,,,,,,,,,,,,,,,
2026-08-09,Sunday,Food Special,Two Course Sunday Roast,"Traditional roast of the day with roasted vegetables, seasonal greens and rich gravy, with an Ice Cream Sundae to finish.",$28,,,,,,,,,,,,,,,,,,
2026-08-10,Monday,Food Special,Steak Day Monday's,"Start your week off with a 200g Succulent Rump Steak, cooked to your liking, served with golden fries and a green garden salad.",$20,,,,,,,,,,,,,,,,,,
2026-08-12,Wednesday,Quiz,Quiz Night,"Every Wednesday Night from 7.00pm, $190 in prizes up for grabs. Bookings Essential.",FREE ENTRY,,,,,,,,,,,,,,,,,,
2026-08-13,Thursday,Food Special,Burger Day Thursdays,"Your choice of Chicken, Beer Battered Fish, Pork Belly or Coasters Beef Burger, all served with Golden Fries & Onion Rings.",$19 each or 2 for $35!,,,,,,,,,,,,,,,,,,
2026-08-13,Thursday,Happy Hour,Happy Hours!,Enjoy 10% discount on selected beverages between 4.30pm & 6.30pm.,10% Off!,,,,,,,,,,,,,,,,,,
2026-08-13,Thursday,Promo,Free Pool Thursdays,Our Pool Table is Free all day and night on Thursdays! Grab a cue and challenge your mates.,FREE,,,,,,,,,,,,,,,,,,
2026-08-14,Friday,Happy Hour,Happy Hours!,Enjoy 10% discount on selected beverages between 4.30pm & 6.30pm.,10% Off!,,,,,,,,,,,,,,,,,,
8/15/2026,Saturday,🟣/🟠 TBC,,,8:00 PM,Venue,,,,,,,,,,,,,,,,,
2026-08-16,Sunday,Food Special,Two Course Sunday Roast,"Traditional roast of the day with roasted vegetables, seasonal greens and rich gravy, with an Ice Cream Sundae to finish.",$28,,,,,,,,,,,,,,,,,,
2026-08-17,Monday,Food Special,Steak Day Monday's,"Start your week off with a 200g Succulent Rump Steak, cooked to your liking, served with golden fries and a green garden salad.",$20,,,,,,,,,,,,,,,,,,
2026-08-19,Wednesday,Quiz,Quiz Night,"Every Wednesday Night from 7.00pm, $190 in prizes up for grabs. Bookings Essential.",FREE ENTRY,,,,,,,,,,,,,,,,,,
2026-08-20,Thursday,Food Special,Burger Day Thursdays,"Your choice of Chicken, Beer Battered Fish, Pork Belly or Coasters Beef Burger, all served with Golden Fries & Onion Rings.",$19 each or 2 for $35!,,,,,,,,,,,,,,,,,,
2026-08-20,Thursday,Happy Hour,Happy Hours!,Enjoy 10% discount on selected beverages between 4.30pm & 6.30pm.,10% Off!,,,,,,,,,,,,,,,,,,
2026-08-20,Thursday,Promo,Free Pool Thursdays,Our Pool Table is Free all day and night on Thursdays! Grab a cue and challenge your mates.,FREE,,,,,,,,,,,,,,,,,,
2026-08-21,Friday,Happy Hour,Happy Hours!,Enjoy 10% discount on selected beverages between 4.30pm & 6.30pm.,10% Off!,,,,,,,,,,,,,,,,,,
8/22/2026,Saturday,🟣/🟠 TBC,,,8:00 PM,Venue,,,,,,,,,,,,,,,,,
2026-08-23,Sunday,Food Special,Two Course Sunday Roast,"Traditional roast of the day with roasted vegetables, seasonal greens and rich gravy, with an Ice Cream Sundae to finish.",$28,,,,,,,,,,,,,,,,,,
2026-08-24,Monday,Food Special,Steak Day Monday's,"Start your week off with a 200g Succulent Rump Steak, cooked to your liking, served with golden fries and a green garden salad.",$20,,,,,,,,,,,,,,,,,,
2026-08-26,Wednesday,Quiz,Quiz Night,"Every Wednesday Night from 7.00pm, $190 in prizes up for grabs. Bookings Essential.",FREE ENTRY,,,,,,,,,,,,,,,,,,
2026-08-27,Thursday,Food Special,Burger Day Thursdays,"Your choice of Chicken, Beer Battered Fish, Pork Belly or Coasters Beef Burger, all served with Golden Fries & Onion Rings.",$19 each or 2 for $35!,,,,,,,,,,,,,,,,,,
2026-08-27,Thursday,Happy Hour,Happy Hours!,Enjoy 10% discount on selected beverages between 4.30pm & 6.30pm.,10% Off!,,,,,,,,,,,,,,,,,,
2026-08-27,Thursday,Promo,Free Pool Thursdays,Our Pool Table is Free all day and night on Thursdays! Grab a cue and challenge your mates.,FREE,,,,,,,,,,,,,,,,,,
2026-08-28,Friday,Happy Hour,Happy Hours!,Enjoy 10% discount on selected beverages between 4.30pm & 6.30pm.,10% Off!,,,,,,,,,,,,,,,,,,
8/29/2026,Saturday,🟣/🟠 TBC,,,8:00 PM,Venue,,,,,,,,,,,,,,,,,
2026-08-30,Sunday,Food Special,Two Course Sunday Roast,"Traditional roast of the day with roasted vegetables, seasonal greens and rich gravy, with an Ice Cream Sundae to finish.",$28,,,,,,,,,,,,,,,,,,
30-Aug-2026,Sunday,NRL,🟢 Warriors,vs Knights,4:00 PM,"Go Media Stadium, Auckland",Sunday afternoon footy,,,,,,,,,,,,,,,,
2026-08-31,Monday,Food Special,Steak Day Monday's,"Start your week off with a 200g Succulent Rump Steak, cooked to your liking, served with golden fries and a green garden salad.",$20,,,,,,,,,,,,,,,,,,
2026-09-02,Wednesday,Quiz,Quiz Night,"Every Wednesday Night from 7.00pm, $190 in prizes up for grabs. Bookings Essential.",FREE ENTRY,,,,,,,,,,,,,,,,,,
2026-09-03,Thursday,Food Special,Burger Day Thursdays,"Your choice of Chicken, Beer Battered Fish, Pork Belly or Coasters Beef Burger, all served with Golden Fries & Onion Rings.",$19 each or 2 for $35!,,,,,,,,,,,,,,,,,,
2026-09-03,Thursday,Happy Hour,Happy Hours!,Enjoy 10% discount on selected beverages between 4.30pm & 6.30pm.,10% Off!,,,,,,,,,,,,,,,,,,
2026-09-03,Thursday,Promo,Free Pool Thursdays,Our Pool Table is Free all day and night on Thursdays! Grab a cue and challenge your mates.,FREE,,,,,,,,,,,,,,,,,,
2026-09-04,Friday,Happy Hour,Happy Hours!,Enjoy 10% discount on selected beverages between 4.30pm & 6.30pm.,10% Off!,,,,,,,,,,,,,,,,,,
9/5/2026,Saturday,🟣/🟠 TBC,,,8:00 PM,Venue,,,,,,,,,,,,,,,,,
5-Sep-2026,Saturday,NRL,🟢 Warriors,vs Sea Eagles,5:00 PM,"Go Media Stadium, Auckland",Perfect lead-in to 8pm Band,,,,,,,,,,,,,,,,
2026-09-06,Sunday,Food Special,Two Course Sunday Roast,"Traditional roast of the day with roasted vegetables, seasonal greens and rich gravy, with an Ice Cream Sundae to finish.",$28,,,,,,,,,,,,,,,,,,
2026-09-07,Monday,Food Special,Steak Day Monday's,"Start your week off with a 200g Succulent Rump Steak, cooked to your liking, served with golden fries and a green garden salad.",$20,,,,,,,,,,,,,,,,,,
2026-09-09,Wednesday,Quiz,Quiz Night,"Every Wednesday Night from 7.00pm, $190 in prizes up for grabs. Bookings Essential.",FREE ENTRY,,,,,,,,,,,,,,,,,,
2026-09-10,Thursday,Food Special,Burger Day Thursdays,"Your choice of Chicken, Beer Battered Fish, Pork Belly or Coasters Beef Burger, all served with Golden Fries & Onion Rings.",$19 each or 2 for $35!,,,,,,,,,,,,,,,,,,
2026-09-10,Thursday,Happy Hour,Happy Hours!,Enjoy 10% discount on selected beverages between 4.30pm & 6.30pm.,10% Off!,,,,,,,,,,,,,,,,,,
2026-09-10,Thursday,Promo,Free Pool Thursdays,Our Pool Table is Free all day and night on Thursdays! Grab a cue and challenge your mates.,FREE,,,,,,,,,,,,,,,,,,
2026-09-11,Friday,Happy Hour,Happy Hours!,Enjoy 10% discount on selected beverages between 4.30pm & 6.30pm.,10% Off!,,,,,,,,,,,,,,,,,,
9/12/2026,Saturday,🟣/🟠 TBC,,,8:00 PM,Venue,,,,,,,,,,,,,,,,,
2026-09-13,Sunday,Food Special,Two Course Sunday Roast,"Traditional roast of the day with roasted vegetables, seasonal greens and rich gravy, with an Ice Cream Sundae to finish.",$28,,,,,,,,,,,,,,,,,,
2026-09-14,Monday,Food Special,Steak Day Monday's,"Start your week off with a 200g Succulent Rump Steak, cooked to your liking, served with golden fries and a green garden salad.",$20,,,,,,,,,,,,,,,,,,
2026-09-16,Wednesday,Quiz,Quiz Night,"Every Wednesday Night from 7.00pm, $190 in prizes up for grabs. Bookings Essential.",FREE ENTRY,,,,,,,,,,,,,,,,,,
2026-09-17,Thursday,Food Special,Burger Day Thursdays,"Your choice of Chicken, Beer Battered Fish, Pork Belly or Coasters Beef Burger, all served with Golden Fries & Onion Rings.",$19 each or 2 for $35!,,,,,,,,,,,,,,,,,,
2026-09-17,Thursday,Happy Hour,Happy Hours!,Enjoy 10% discount on selected beverages between 4.30pm & 6.30pm.,10% Off!,,,,,,,,,,,,,,,,,,
2026-09-17,Thursday,Promo,Free Pool Thursdays,Our Pool Table is Free all day and night on Thursdays! Grab a cue and challenge your mates.,FREE,,,,,,,,,,,,,,,,,,
2026-09-18,Friday,Happy Hour,Happy Hours!,Enjoy 10% discount on selected beverages between 4.30pm & 6.30pm.,10% Off!,,,,,,,,,,,,,,,,,,
9/19/2026,Saturday,🟣/🟠 TBC,,,8:00 PM,Venue,,,,,,,,,,,,,,,,,
2026-09-20,Sunday,Food Special,Two Course Sunday Roast,"Traditional roast of the day with roasted vegetables, seasonal greens and rich gravy, with an Ice Cream Sundae to finish.",$28,,,,,,,,,,,,,,,,,,
2026-09-21,Monday,Food Special,Steak Day Monday's,"Start your week off with a 200g Succulent Rump Steak, cooked to your liking, served with golden fries and a green garden salad.",$20,,,,,,,,,,,,,,,,,,
2026-09-23,Wednesday,Quiz,Quiz Night,"Every Wednesday Night from 7.00pm, $190 in prizes up for grabs. Bookings Essential.",FREE ENTRY,,,,,,,,,,,,,,,,,,
2026-09-24,Thursday,Food Special,Burger Day Thursdays,"Your choice of Chicken, Beer Battered Fish, Pork Belly or Coasters Beef Burger, all served with Golden Fries & Onion Rings.",$19 each or 2 for $35!,,,,,,,,,,,,,,,,,,
2026-09-24,Thursday,Happy Hour,Happy Hours!,Enjoy 10% discount on selected beverages between 4.30pm & 6.30pm.,10% Off!,,,,,,,,,,,,,,,,,,
2026-09-24,Thursday,Promo,Free Pool Thursdays,Our Pool Table is Free all day and night on Thursdays! Grab a cue and challenge your mates.,FREE,,,,,,,,,,,,,,,,,,
2026-09-25,Friday,Happy Hour,Happy Hours!,Enjoy 10% discount on selected beverages between 4.30pm & 6.30pm.,10% Off!,,,,,,,,,,,,,,,,,,
9/26/2026,Saturday,🟣/🟠 TBC,,,8:00 PM,Venue,,,,,,,,,,,,,,,,,
2026-09-27,Sunday,Food Special,Two Course Sunday Roast,"Traditional roast of the day with roasted vegetables, seasonal greens and rich gravy, with an Ice Cream Sundae to finish.",$28,,,,,,,,,,,,,,,,,,
2026-09-28,Monday,Food Special,Steak Day Monday's,"Start your week off with a 200g Succulent Rump Steak, cooked to your liking, served with golden fries and a green garden salad.",$20,,,,,,,,,,,,,,,,,,
2026-09-30,Wednesday,Quiz,Quiz Night,"Every Wednesday Night from 7.00pm, $190 in prizes up for grabs. Bookings Essential.",FREE ENTRY,,,,,,,,,,,,,,,,,,
2026-10-01,Thursday,Food Special,Burger Day Thursdays,"Your choice of Chicken, Beer Battered Fish, Pork Belly or Coasters Beef Burger, all served with Golden Fries & Onion Rings.",$19 each or 2 for $35!,,,,,,,,,,,,,,,,,,
2026-10-01,Thursday,Happy Hour,Happy Hours!,Enjoy 10% discount on selected beverages between 4.30pm & 6.30pm.,10% Off!,,,,,,,,,,,,,,,,,,
2026-10-01,Thursday,Promo,Free Pool Thursdays,Our Pool Table is Free all day and night on Thursdays! Grab a cue and challenge your mates.,FREE,,,,,,,,,,,,,,,,,,
2026-10-02,Friday,Happy Hour,Happy Hours!,Enjoy 10% discount on selected beverages between 4.30pm & 6.30pm.,10% Off!,,,,,,,,,,,,,,,,,,
10/3/2026,Saturday,🟣/🟠 TBC,,,8:00 PM,Venue,,,,,,,,,,,,,,,,,
2026-10-04,Sunday,Food Special,Two Course Sunday Roast,"Traditional roast of the day with roasted vegetables, seasonal greens and rich gravy, with an Ice Cream Sundae to finish.",$28,,,,,,,,,,,,,,,,,,
4-Oct-2026,Sunday,NRL,🏆 NRL Finals,Grand Final,~9:30 PM,"Accor Stadium, Sydney",Grand Final,,,,,,,,,,,,,,,,
2026-10-05,Monday,Food Special,Steak Day Monday's,"Start your week off with a 200g Succulent Rump Steak, cooked to your liking, served with golden fries and a green garden salad.",$20,,,,,,,,,,,,,,,,,,
2026-10-07,Wednesday,Quiz,Quiz Night,"Every Wednesday Night from 7.00pm, $190 in prizes up for grabs. Bookings Essential.",FREE ENTRY,,,,,,,,,,,,,,,,,,
2026-10-08,Thursday,Food Special,Burger Day Thursdays,"Your choice of Chicken, Beer Battered Fish, Pork Belly or Coasters Beef Burger, all served with Golden Fries & Onion Rings.",$19 each or 2 for $35!,,,,,,,,,,,,,,,,,,
2026-10-08,Thursday,Happy Hour,Happy Hours!,Enjoy 10% discount on selected beverages between 4.30pm & 6.30pm.,10% Off!,,,,,,,,,,,,,,,,,,
2026-10-08,Thursday,Promo,Free Pool Thursdays,Our Pool Table is Free all day and night on Thursdays! Grab a cue and challenge your mates.,FREE,,,,,,,,,,,,,,,,,,
2026-10-09,Friday,Happy Hour,Happy Hours!,Enjoy 10% discount on selected beverages between 4.30pm & 6.30pm.,10% Off!,,,,,,,,,,,,,,,,,,
10/10/2026,Saturday,🟣/🟠 TBC,,,8:00 PM,Venue,,,,,,,,,,,,,,,,,
2026-10-11,Sunday,Food Special,Two Course Sunday Roast,"Traditional roast of the day with roasted vegetables, seasonal greens and rich gravy, with an Ice Cream Sundae to finish.",$28,,,,,,,,,,,,,,,,,,
2026-10-12,Monday,Food Special,Steak Day Monday's,"Start your week off with a 200g Succulent Rump Steak, cooked to your liking, served with golden fries and a green garden salad.",$20,,,,,,,,,,,,,,,,,,
2026-10-14,Wednesday,Quiz,Quiz Night,"Every Wednesday Night from 7.00pm, $190 in prizes up for grabs. Bookings Essential.",FREE ENTRY,,,,,,,,,,,,,,,,,,
2026-10-15,Thursday,Food Special,Burger Day Thursdays,"Your choice of Chicken, Beer Battered Fish, Pork Belly or Coasters Beef Burger, all served with Golden Fries & Onion Rings.",$19 each or 2 for $35!,,,,,,,,,,,,,,,,,,
2026-10-15,Thursday,Happy Hour,Happy Hours!,Enjoy 10% discount on selected beverages between 4.30pm & 6.30pm.,10% Off!,,,,,,,,,,,,,,,,,,
2026-10-15,Thursday,Promo,Free Pool Thursdays,Our Pool Table is Free all day and night on Thursdays! Grab a cue and challenge your mates.,FREE,,,,,,,,,,,,,,,,,,
2026-10-16,Friday,Happy Hour,Happy Hours!,Enjoy 10% discount on selected beverages between 4.30pm & 6.30pm.,10% Off!,,,,,,,,,,,,,,,,,,
10/17/2026,Saturday,🟣/🟠 TBC,,,8:00 PM,Venue,,,,,,,,,,,,,,,,,
2026-10-18,Sunday,Food Special,Two Course Sunday Roast,"Traditional roast of the day with roasted vegetables, seasonal greens and rich gravy, with an Ice Cream Sundae to finish.",$28,,,,,,,,,,,,,,,,,,
2026-10-19,Monday,Food Special,Steak Day Monday's,"Start your week off with a 200g Succulent Rump Steak, cooked to your liking, served with golden fries and a green garden salad.",$20,,,,,,,,,,,,,,,,,,
2026-10-21,Wednesday,Quiz,Quiz Night,"Every Wednesday Night from 7.00pm, $190 in prizes up for grabs. Bookings Essential.",FREE ENTRY,,,,,,,,,,,,,,,,,,
2026-10-22,Thursday,Food Special,Burger Day Thursdays,"Your choice of Chicken, Beer Battered Fish, Pork Belly or Coasters Beef Burger, all served with Golden Fries & Onion Rings.",$19 each or 2 for $35!,,,,,,,,,,,,,,,,,,
2026-10-22,Thursday,Happy Hour,Happy Hours!,Enjoy 10% discount on selected beverages between 4.30pm & 6.30pm.,10% Off!,,,,,,,,,,,,,,,,,,
2026-10-22,Thursday,Promo,Free Pool Thursdays,Our Pool Table is Free all day and night on Thursdays! Grab a cue and challenge your mates.,FREE,,,,,,,,,,,,,,,,,,
2026-10-23,Friday,Happy Hour,Happy Hours!,Enjoy 10% discount on selected beverages between 4.30pm & 6.30pm.,10% Off!,,,,,,,,,,,,,,,,,,
10/24/2026,Saturday,🟣/🟠 TBC,,,8:00 PM,Venue,,,,,,,,,,,,,,,,,
2026-10-25,Sunday,Food Special,Two Course Sunday Roast,"Traditional roast of the day with roasted vegetables, seasonal greens and rich gravy, with an Ice Cream Sundae to finish.",$28,,,,,,,,,,,,,,,,,,
2026-10-26,Monday,Food Special,Steak Day Monday's,"Start your week off with a 200g Succulent Rump Steak, cooked to your liking, served with golden fries and a green garden salad.",$20,,,,,,,,,,,,,,,,,,
2026-10-28,Wednesday,Quiz,Quiz Night,"Every Wednesday Night from 7.00pm, $190 in prizes up for grabs. Bookings Essential.",FREE ENTRY,,,,,,,,,,,,,,,,,,
2026-10-29,Thursday,Food Special,Burger Day Thursdays,"Your choice of Chicken, Beer Battered Fish, Pork Belly or Coasters Beef Burger, all served with Golden Fries & Onion Rings.",$19 each or 2 for $35!,,,,,,,,,,,,,,,,,,
2026-10-29,Thursday,Happy Hour,Happy Hours!,Enjoy 10% discount on selected beverages between 4.30pm & 6.30pm.,10% Off!,,,,,,,,,,,,,,,,,,
2026-10-29,Thursday,Promo,Free Pool Thursdays,Our Pool Table is Free all day and night on Thursdays! Grab a cue and challenge your mates.,FREE,,,,,,,,,,,,,,,,,,
2026-10-30,Friday,Happy Hour,Happy Hours!,Enjoy 10% discount on selected beverages between 4.30pm & 6.30pm.,10% Off!,,,,,,,,,,,,,,,,,,
10/31/2026,Saturday,🟣/🟠 TBC,,,8:00 PM,Venue,Halloween boo!,,,,,,,,,,,,,,,,
2026-11-01,Sunday,Food Special,Two Course Sunday Roast,"Traditional roast of the day with roasted vegetables, seasonal greens and rich gravy, with an Ice Cream Sundae to finish.",$28,,,,,,,,,,,,,,,,,,
2026-11-02,Monday,Food Special,Steak Day Monday's,"Start your week off with a 200g Succulent Rump Steak, cooked to your liking, served with golden fries and a green garden salad.",$20,,,,,,,,,,,,,,,,,,
2026-11-04,Wednesday,Quiz,Quiz Night,"Every Wednesday Night from 7.00pm, $190 in prizes up for grabs. Bookings Essential.",FREE ENTRY,,,,,,,,,,,,,,,,,,
2026-11-05,Thursday,Food Special,Burger Day Thursdays,"Your choice of Chicken, Beer Battered Fish, Pork Belly or Coasters Beef Burger, all served with Golden Fries & Onion Rings.",$19 each or 2 for $35!,,,,,,,,,,,,,,,,,,
2026-11-05,Thursday,Happy Hour,Happy Hours!,Enjoy 10% discount on selected beverages between 4.30pm & 6.30pm.,10% Off!,,,,,,,,,,,,,,,,,,
2026-11-05,Thursday,Promo,Free Pool Thursdays,Our Pool Table is Free all day and night on Thursdays! Grab a cue and challenge your mates.,FREE,,,,,,,,,,,,,,,,,,
2026-11-06,Friday,Happy Hour,Happy Hours!,Enjoy 10% discount on selected beverages between 4.30pm & 6.30pm.,10% Off!,,,,,,,,,,,,,,,,,,
11/7/2026,Saturday,🟣/🟠 TBC,,,8:00 PM,Venue,,,,,,,,,,,,,,,,,
2026-11-08,Sunday,Food Special,Two Course Sunday Roast,"Traditional roast of the day with roasted vegetables, seasonal greens and rich gravy, with an Ice Cream Sundae to finish.",$28,,,,,,,,,,,,,,,,,,
2026-11-09,Monday,Food Special,Steak Day Monday's,"Start your week off with a 200g Succulent Rump Steak, cooked to your liking, served with golden fries and a green garden salad.",$20,,,,,,,,,,,,,,,,,,
2026-11-11,Wednesday,Quiz,Quiz Night,"Every Wednesday Night from 7.00pm, $190 in prizes up for grabs. Bookings Essential.",FREE ENTRY,,,,,,,,,,,,,,,,,,
2026-11-12,Thursday,Food Special,Burger Day Thursdays,"Your choice of Chicken, Beer Battered Fish, Pork Belly or Coasters Beef Burger, all served with Golden Fries & Onion Rings.",$19 each or 2 for $35!,,,,,,,,,,,,,,,,,,
2026-11-12,Thursday,Happy Hour,Happy Hours!,Enjoy 10% discount on selected beverages between 4.30pm & 6.30pm.,10% Off!,,,,,,,,,,,,,,,,,,
2026-11-12,Thursday,Promo,Free Pool Thursdays,Our Pool Table is Free all day and night on Thursdays! Grab a cue and challenge your mates.,FREE,,,,,,,,,,,,,,,,,,
2026-11-13,Friday,Happy Hour,Happy Hours!,Enjoy 10% discount on selected beverages between 4.30pm & 6.30pm.,10% Off!,,,,,,,,,,,,,,,,,,
11/14/2026,Saturday,🟣/🟠 TBC,,,8:00 PM,Venue,,,,,,,,,,,,,,,,,
2026-11-15,Sunday,Food Special,Two Course Sunday Roast,"Traditional roast of the day with roasted vegetables, seasonal greens and rich gravy, with an Ice Cream Sundae to finish.",$28,,,,,,,,,,,,,,,,,,
2026-11-16,Monday,Food Special,Steak Day Monday's,"Start your week off with a 200g Succulent Rump Steak, cooked to your liking, served with golden fries and a green garden salad.",$20,,,,,,,,,,,,,,,,,,
2026-11-18,Wednesday,Quiz,Quiz Night,"Every Wednesday Night from 7.00pm, $190 in prizes up for grabs. Bookings Essential.",FREE ENTRY,,,,,,,,,,,,,,,,,,
2026-11-19,Thursday,Food Special,Burger Day Thursdays,"Your choice of Chicken, Beer Battered Fish, Pork Belly or Coasters Beef Burger, all served with Golden Fries & Onion Rings.",$19 each or 2 for $35!,,,,,,,,,,,,,,,,,,
2026-11-19,Thursday,Happy Hour,Happy Hours!,Enjoy 10% discount on selected beverages between 4.30pm & 6.30pm.,10% Off!,,,,,,,,,,,,,,,,,,
2026-11-19,Thursday,Promo,Free Pool Thursdays,Our Pool Table is Free all day and night on Thursdays! Grab a cue and challenge your mates.,FREE,,,,,,,,,,,,,,,,,,
2026-11-20,Friday,Happy Hour,Happy Hours!,Enjoy 10% discount on selected beverages between 4.30pm & 6.30pm.,10% Off!,,,,,,,,,,,,,,,,,,
11/21/2026,Saturday,🟣/🟠 TBC,,,8:00 PM,Venue,,,,,,,,,,,,,,,,,
2026-11-22,Sunday,Food Special,Two Course Sunday Roast,"Traditional roast of the day with roasted vegetables, seasonal greens and rich gravy, with an Ice Cream Sundae to finish.",$28,,,,,,,,,,,,,,,,,,
2026-11-23,Monday,Food Special,Steak Day Monday's,"Start your week off with a 200g Succulent Rump Steak, cooked to your liking, served with golden fries and a green garden salad.",$20,,,,,,,,,,,,,,,,,,
2026-11-25,Wednesday,Quiz,Quiz Night,"Every Wednesday Night from 7.00pm, $190 in prizes up for grabs. Bookings Essential.",FREE ENTRY,,,,,,,,,,,,,,,,,,
2026-11-26,Thursday,Food Special,Burger Day Thursdays,"Your choice of Chicken, Beer Battered Fish, Pork Belly or Coasters Beef Burger, all served with Golden Fries & Onion Rings.",$19 each or 2 for $35!,,,,,,,,,,,,,,,,,,
2026-11-26,Thursday,Happy Hour,Happy Hours!,Enjoy 10% discount on selected beverages between 4.30pm & 6.30pm.,10% Off!,,,,,,,,,,,,,,,,,,
2026-11-26,Thursday,Promo,Free Pool Thursdays,Our Pool Table is Free all day and night on Thursdays! Grab a cue and challenge your mates.,FREE,,,,,,,,,,,,,,,,,,
2026-11-27,Friday,Happy Hour,Happy Hours!,Enjoy 10% discount on selected beverages between 4.30pm & 6.30pm.,10% Off!,,,,,,,,,,,,,,,,,,
11/28/2026,Saturday,🟣/🟠 TBC,,,8:00 PM,Venue,,,,,,,,,,,,,,,,,
2026-11-29,Sunday,Food Special,Two Course Sunday Roast,"Traditional roast of the day with roasted vegetables, seasonal greens and rich gravy, with an Ice Cream Sundae to finish.",$28,,,,,,,,,,,,,,,,,,
2026-11-30,Monday,Food Special,Steak Day Monday's,"Start your week off with a 200g Succulent Rump Steak, cooked to your liking, served with golden fries and a green garden salad.",$20,,,,,,,,,,,,,,,,,,
2026-12-02,Wednesday,Quiz,Quiz Night,"Every Wednesday Night from 7.00pm, $190 in prizes up for grabs. Bookings Essential.",FREE ENTRY,,,,,,,,,,,,,,,,,,
2026-12-03,Thursday,Food Special,Burger Day Thursdays,"Your choice of Chicken, Beer Battered Fish, Pork Belly or Coasters Beef Burger, all served with Golden Fries & Onion Rings.",$19 each or 2 for $35!,,,,,,,,,,,,,,,,,,
2026-12-03,Thursday,Happy Hour,Happy Hours!,Enjoy 10% discount on selected beverages between 4.30pm & 6.30pm.,10% Off!,,,,,,,,,,,,,,,,,,
2026-12-03,Thursday,Promo,Free Pool Thursdays,Our Pool Table is Free all day and night on Thursdays! Grab a cue and challenge your mates.,FREE,,,,,,,,,,,,,,,,,,
2026-12-04,Friday,Happy Hour,Happy Hours!,Enjoy 10% discount on selected beverages between 4.30pm & 6.30pm.,10% Off!,,,,,,,,,,,,,,,,,,
12/5/2026,Saturday,🟣/🟠 TBC,,,8:00 PM,Venue,,,,,,,,,,,,,,,,,
2026-12-06,Sunday,Food Special,Two Course Sunday Roast,"Traditional roast of the day with roasted vegetables, seasonal greens and rich gravy, with an Ice Cream Sundae to finish.",$28,,,,,,,,,,,,,,,,,,
2026-12-07,Monday,Food Special,Steak Day Monday's,"Start your week off with a 200g Succulent Rump Steak, cooked to your liking, served with golden fries and a green garden salad.",$20,,,,,,,,,,,,,,,,,,
2026-12-09,Wednesday,Quiz,Quiz Night,"Every Wednesday Night from 7.00pm, $190 in prizes up for grabs. Bookings Essential.",FREE ENTRY,,,,,,,,,,,,,,,,,,
2026-12-10,Thursday,Food Special,Burger Day Thursdays,"Your choice of Chicken, Beer Battered Fish, Pork Belly or Coasters Beef Burger, all served with Golden Fries & Onion Rings.",$19 each or 2 for $35!,,,,,,,,,,,,,,,,,,
2026-12-10,Thursday,Happy Hour,Happy Hours!,Enjoy 10% discount on selected beverages between 4.30pm & 6.30pm.,10% Off!,,,,,,,,,,,,,,,,,,
2026-12-10,Thursday,Promo,Free Pool Thursdays,Our Pool Table is Free all day and night on Thursdays! Grab a cue and challenge your mates.,FREE,,,,,,,,,,,,,,,,,,
2026-12-11,Friday,Happy Hour,Happy Hours!,Enjoy 10% discount on selected beverages between 4.30pm & 6.30pm.,10% Off!,,,,,,,,,,,,,,,,,,
12/12/2026,Saturday,🟣/🟠 TBC,,,8:00 PM,Venue,,,,,,,,,,,,,,,,,
2026-12-13,Sunday,Food Special,Two Course Sunday Roast,"Traditional roast of the day with roasted vegetables, seasonal greens and rich gravy, with an Ice Cream Sundae to finish.",$28,,,,,,,,,,,,,,,,,,
2026-12-14,Monday,Food Special,Steak Day Monday's,"Start your week off with a 200g Succulent Rump Steak, cooked to your liking, served with golden fries and a green garden salad.",$20,,,,,,,,,,,,,,,,,,
2026-12-16,Wednesday,Quiz,Quiz Night,"Every Wednesday Night from 7.00pm, $190 in prizes up for grabs. Bookings Essential.",FREE ENTRY,,,,,,,,,,,,,,,,,,
2026-12-17,Thursday,Food Special,Burger Day Thursdays,"Your choice of Chicken, Beer Battered Fish, Pork Belly or Coasters Beef Burger, all served with Golden Fries & Onion Rings.",$19 each or 2 for $35!,,,,,,,,,,,,,,,,,,
2026-12-17,Thursday,Happy Hour,Happy Hours!,Enjoy 10% discount on selected beverages between 4.30pm & 6.30pm.,10% Off!,,,,,,,,,,,,,,,,,,
2026-12-17,Thursday,Promo,Free Pool Thursdays,Our Pool Table is Free all day and night on Thursdays! Grab a cue and challenge your mates.,FREE,,,,,,,,,,,,,,,,,,
2026-12-18,Friday,Happy Hour,Happy Hours!,Enjoy 10% discount on selected beverages between 4.30pm & 6.30pm.,10% Off!,,,,,,,,,,,,,,,,,,
12/19/2026,Saturday,🟣/🟠 TBC,,,8:00 PM,Venue,,,,,,,,,,,,,,,,,
2026-12-20,Sunday,Food Special,Two Course Sunday Roast,"Traditional roast of the day with roasted vegetables, seasonal greens and rich gravy, with an Ice Cream Sundae to finish.",$28,,,,,,,,,,,,,,,,,,
2026-12-21,Monday,Food Special,Steak Day Monday's,"Start your week off with a 200g Succulent Rump Steak, cooked to your liking, served with golden fries and a green garden salad.",$20,,,,,,,,,,,,,,,,,,
2026-12-23,Wednesday,Quiz,Quiz Night,"Every Wednesday Night from 7.00pm, $190 in prizes up for grabs. Bookings Essential.",FREE ENTRY,,,,,,,,,,,,,,,,,,
2026-12-24,Thursday,Food Special,Burger Day Thursdays,"Your choice of Chicken, Beer Battered Fish, Pork Belly or Coasters Beef Burger, all served with Golden Fries & Onion Rings.",$19 each or 2 for $35!,,,,,,,,,,,,,,,,,,
2026-12-24,Thursday,Happy Hour,Happy Hours!,Enjoy 10% discount on selected beverages between 4.30pm & 6.30pm.,10% Off!,,,,,,,,,,,,,,,,,,
2026-12-24,Thursday,Promo,Free Pool Thursdays,Our Pool Table is Free all day and night on Thursdays! Grab a cue and challenge your mates.,FREE,,,,,,,,,,,,,,,,,,
2026-12-25,Friday,Happy Hour,Happy Hours!,Enjoy 10% discount on selected beverages between 4.30pm & 6.30pm.,10% Off!,,,,,,,,,,,,,,,,,,
12/26/2026,Saturday,🟣/🟠 TBC,,,8:00 PM,Venue,Boxing Day,,,,,,,,,,,,,,,,
2026-12-27,Sunday,Food Special,Two Course Sunday Roast,"Traditional roast of the day with roasted vegetables, seasonal greens and rich gravy, with an Ice Cream Sundae to finish.",$28,,,,,,,,,,,,,,,,,,
2026-12-28,Monday,Food Special,Steak Day Monday's,"Start your week off with a 200g Succulent Rump Steak, cooked to your liking, served with golden fries and a green garden salad.",$20,,,,,,,,,,,,,,,,,,
2026-12-30,Wednesday,Quiz,Quiz Night,"Every Wednesday Night from 7.00pm, $190 in prizes up for grabs. Bookings Essential.",FREE ENTRY,,,,,,,,,,,,,,,,,,
2026-12-31,Thursday,Food Special,Burger Day Thursdays,"Your choice of Chicken, Beer Battered Fish, Pork Belly or Coasters Beef Burger, all served with Golden Fries & Onion Rings.",$19 each or 2 for $35!,,,,,,,,,,,,,,,,,,
2026-12-31,Thursday,Happy Hour,Happy Hours!,Enjoy 10% discount on selected beverages between 4.30pm & 6.30pm.,10% Off!,,,,,,,,,,,,,,,,,,
2026-12-31,Thursday,Promo,Free Pool Thursdays,Our Pool Table is Free all day and night on Thursdays! Grab a cue and challenge your mates.,FREE,,,,,,,,,,,,,,,,,,
12/31/2026,,🟣/🟠 TBC,NEW YEARS EVE,TBC,TBC,,,,,,,,,,,,,,,,,,
2027-01-01,Friday,Happy Hour,Happy Hours!,Enjoy 10% discount on selected beverages between 4.30pm & 6.30pm.,10% Off!,,,,,,,,,,,,,,,,,,
2027-01-03,Sunday,Food Special,Two Course Sunday Roast,"Traditional roast of the day with roasted vegetables, seasonal greens and rich gravy, with an Ice Cream Sundae to finish.",$28,,,,,,,,,,,,,,,,,,
2027-01-04,Monday,Food Special,Steak Day Monday's,"Start your week off with a 200g Succulent Rump Steak, cooked to your liking, served with golden fries and a green garden salad.",$20,,,,,,,,,,,,,,,,,,
2027-01-06,Wednesday,Quiz,Quiz Night,"Every Wednesday Night from 7.00pm, $190 in prizes up for grabs. Bookings Essential.",FREE ENTRY,,,,,,,,,,,,,,,,,,
2027-01-07,Thursday,Food Special,Burger Day Thursdays,"Your choice of Chicken, Beer Battered Fish, Pork Belly or Coasters Beef Burger, all served with Golden Fries & Onion Rings.",$19 each or 2 for $35!,,,,,,,,,,,,,,,,,,
2027-01-07,Thursday,Happy Hour,Happy Hours!,Enjoy 10% discount on selected beverages between 4.30pm & 6.30pm.,10% Off!,,,,,,,,,,,,,,,,,,
2027-01-07,Thursday,Promo,Free Pool Thursdays,Our Pool Table is Free all day and night on Thursdays! Grab a cue and challenge your mates.,FREE,,,,,,,,,,,,,,,,,,
2027-01-08,Friday,Happy Hour,Happy Hours!,Enjoy 10% discount on selected beverages between 4.30pm & 6.30pm.,10% Off!,,,,,,,,,,,,,,,,,,
2027-01-10,Sunday,Food Special,Two Course Sunday Roast,"Traditional roast of the day with roasted vegetables, seasonal greens and rich gravy, with an Ice Cream Sundae to finish.",$28,,,,,,,,,,,,,,,,,,
2027-01-11,Monday,Food Special,Steak Day Monday's,"Start your week off with a 200g Succulent Rump Steak, cooked to your liking, served with golden fries and a green garden salad.",$20,,,,,,,,,,,,,,,,,,
2027-01-13,Wednesday,Quiz,Quiz Night,"Every Wednesday Night from 7.00pm, $190 in prizes up for grabs. Bookings Essential.",FREE ENTRY,,,,,,,,,,,,,,,,,,
2027-01-14,Thursday,Food Special,Burger Day Thursdays,"Your choice of Chicken, Beer Battered Fish, Pork Belly or Coasters Beef Burger, all served with Golden Fries & Onion Rings.",$19 each or 2 for $35!,,,,,,,,,,,,,,,,,,
2027-01-14,Thursday,Happy Hour,Happy Hours!,Enjoy 10% discount on selected beverages between 4.30pm & 6.30pm.,10% Off!,,,,,,,,,,,,,,,,,,
2027-01-14,Thursday,Promo,Free Pool Thursdays,Our Pool Table is Free all day and night on Thursdays! Grab a cue and challenge your mates.,FREE,,,,,,,,,,,,,,,,,,
2027-01-15,Friday,Happy Hour,Happy Hours!,Enjoy 10% discount on selected beverages between 4.30pm & 6.30pm.,10% Off!,,,,,,,,,,,,,,,,,,
2027-01-17,Sunday,Food Special,Two Course Sunday Roast,"Traditional roast of the day with roasted vegetables, seasonal greens and rich gravy, with an Ice Cream Sundae to finish.",$28,,,,,,,,,,,,,,,,,,
2027-01-18,Monday,Food Special,Steak Day Monday's,"Start your week off with a 200g Succulent Rump Steak, cooked to your liking, served with golden fries and a green garden salad.",$20,,,,,,,,,,,,,,,,,,
2027-01-20,Wednesday,Quiz,Quiz Night,"Every Wednesday Night from 7.00pm, $190 in prizes up for grabs. Bookings Essential.",FREE ENTRY,,,,,,,,,,,,,,,,,,
2027-01-21,Thursday,Food Special,Burger Day Thursdays,"Your choice of Chicken, Beer Battered Fish, Pork Belly or Coasters Beef Burger, all served with Golden Fries & Onion Rings.",$19 each or 2 for $35!,,,,,,,,,,,,,,,,,,
2027-01-21,Thursday,Happy Hour,Happy Hours!,Enjoy 10% discount on selected beverages between 4.30pm & 6.30pm.,10% Off!,,,,,,,,,,,,,,,,,,
2027-01-21,Thursday,Promo,Free Pool Thursdays,Our Pool Table is Free all day and night on Thursdays! Grab a cue and challenge your mates.,FREE,,,,,,,,,,,,,,,,,,
2027-01-22,Friday,Happy Hour,Happy Hours!,Enjoy 10% discount on selected beverages between 4.30pm & 6.30pm.,10% Off!,,,,,,,,,,,,,,,,,,
2027-01-24,Sunday,Food Special,Two Course Sunday Roast,"Traditional roast of the day with roasted vegetables, seasonal greens and rich gravy, with an Ice Cream Sundae to finish.",$28,,,,,,,,,,,,,,,,,,
2027-01-25,Monday,Food Special,Steak Day Monday's,"Start your week off with a 200g Succulent Rump Steak, cooked to your liking, served with golden fries and a green garden salad.",$20,,,,,,,,,,,,,,,,,,
2027-01-27,Wednesday,Quiz,Quiz Night,"Every Wednesday Night from 7.00pm, $190 in prizes up for grabs. Bookings Essential.",FREE ENTRY,,,,,,,,,,,,,,,,,,
2027-01-28,Thursday,Food Special,Burger Day Thursdays,"Your choice of Chicken, Beer Battered Fish, Pork Belly or Coasters Beef Burger, all served with Golden Fries & Onion Rings.",$19 each or 2 for $35!,,,,,,,,,,,,,,,,,,
2027-01-28,Thursday,Happy Hour,Happy Hours!,Enjoy 10% discount on selected beverages between 4.30pm & 6.30pm.,10% Off!,,,,,,,,,,,,,,,,,,
2027-01-28,Thursday,Promo,Free Pool Thursdays,Our Pool Table is Free all day and night on Thursdays! Grab a cue and challenge your mates.,FREE,,,,,,,,,,,,,,,,,,
2027-01-29,Friday,Happy Hour,Happy Hours!,Enjoy 10% discount on selected beverages between 4.30pm & 6.30pm.,10% Off!,,,,,,,,,,,,,,,,,,
2027-01-31,Sunday,Food Special,Two Course Sunday Roast,"Traditional roast of the day with roasted vegetables, seasonal greens and rich gravy, with an Ice Cream Sundae to finish.",$28,,,,,,,,,,,,,,,,,,
11-13 Sep,Weekend,NRL,🏆 NRL Finals,Qualifying & Elimination Finals,TBC,TBC,Qualifying & Elimination Finals,,,,,,,,,,,,,,,,
18-19 Sep,Weekend,NRL,🏆 NRL Finals,Semi Finals,TBC,TBC,Semi Finals,,,,,,,,,,,,,,,,
25-26 Sep,Weekend,NRL,🏆 NRL Finals,Preliminary Finals,TBC,TBC,Preliminary Finals,,,,,,,,,,,,,,,,
TBC Jun,Weekend,Super Rugby,🔴 Crusaders,Quarter Finals,TBC,TBC,Quarter Finals,,,,,,,,,,,,,,,,
TBC Jun,Weekend,Super Rugby,🔴 Crusaders,Semi Finals,TBC,TBC,Semi Finals,,,,,,,,,,,,,,,,
TBC Jun,Weekend,Super Rugby,🔴 Crusaders,Final,TBC,TBC,Final,,,,,,,,,,,,,,,,
