Date,Day,Event Type,Event Name,Details,Start Time,Price,Location,Slide Footer,Slide Type,Hidden Notes,Accent Hex Colour,Countdown Finish,Feature QR,Footer QR,Footer Hyperlink,Slide Duration,Slide Background,Foreground Image,Bubble Text,Lock Slide,Lock Day,Lock Time
03/04/2026,Friday,Super Rugby,Crusaders,vs Fijian Drua,7:05 pm,,"Apollo Projects, Chch",,,,,,,,,,,,,,,
04/04/2026,Saturday,Karaoke,with Mel & Dave,Vouchers to be Won!,8:00 pm,,,Warriors game is late,,,,,,,,,,,,,,
05/04/2026,Sunday,NRL,Warriors,@ Sharks,4:00 pm,,Sydney (Away),Sunday afternoon footy,,,,,,,,,,,,,,
11/04/2026,Saturday,Super Rugby,Crusaders,@ Reds,9:35 pm,,Brisbane (Away),Late night screen,,,,,,,,,,,,,,
11/04/2026,Saturday,Band,Mandy,,8:00 pm,,PLAYING HERE LIVE!,CLASH: Games during band,,,,,,,,,,,,,,
11/04/2026,Saturday,NRL,Warriors,@ Storm,~9:30 PM,,Melbourne (Away),Late night screen,,,,,,,,,,,,,,
18/04/2026,Saturday,Super Rugby,Crusaders,@ Force,11:55 pm,,Perth (Away),Extremely late,,,,,,,,,,,,,,
18/04/2026,Saturday,Karaoke,with Mel & Dave,Vouchers to be Won!,8:00 pm,,,,,,,,,,,,,,,,,
18/04/2026,Saturday,NRL,Warriors,vs Titans,5:00 pm,,"Go Media Stadium, Auckland",Perfect lead-in to Karaoke,,,,,,,,,,,,,,
24/04/2026,Friday,Super Rugby,Crusaders,vs Waratahs,7:35 pm,,"One NZ Stadium, Chch",Super Round opening,,,,,,,,,,,,,,
25/04/2026,Saturday, Band,Danny,,8:00 pm,,PLAYING HERE LIVE!,,,,,,,,,,,,,,,
25/04/2026,Saturday,NRL,Warriors,vs Dolphins,6:00 pm,,Wellington,Anzac Day,,,,,,,,,,,,,,
29/04/2026,Wednesday,Weekly Event,Quiz Night,"Every Wednesday Night from 7.00pm, $190 in prizes up for grabs. Bookings Essential.",,FREE ENTRY,,,,,#eab308,,,,,,images/bg2.jpg,,,,,
30/04/2026,Thursday,Weekly Special,Burger Day Thursdays,"Your choice of Chicken, Beer Battered Fish, Pork Belly or Coasters Beef Burger, all served with Golden Fries & Onion Rings.",,$19 each or 2 for $35!,,,,,#f97316,,,,,,images/bg3.jpg,,,,,
30/04/2026,Thursday,Happy Hour,Happy Hours!,Enjoy 10% discount on selected beverages between 4.30pm & 6.30pm.,,10% Off!,,,,,#3b82f6,,,,,,images/bg4.jpg,,,,,
30/04/2026,Thursday,Weekly Event,Free Pool Thursdays,Our Pool Table is Free all day and night on Thursdays! Grab a cue and challenge your mates.,,FREE,,,,,#f97316,,,,,,images/bg1.jpg,,,,,
01/05/2026,Friday,Super Rugby,Crusaders,@ Hurricanes,7:05 pm,,Wellington,,,,,,,,,,,,,,,
01/05/2026,Friday,Happy Hour,Happy Hours!,Enjoy 10% discount on selected beverages between 4.30pm & 6.30pm.,,10% Off!,,,,,#3b82f6,,,,,,images/bg4.jpg,,,,,
02/05/2026,Saturday,Karaoke,with Mel & Dave,Vouchers to be Won!,8:00 pm,,,,,,,,,,,,,,,,,
02/05/2026,Saturday,NRL,Warriors,@ Eels,7:30 pm,,Sydney (Away),CLASH: Overlaps with Karaoke,,,,,,,,,,,,,,
03/05/2026,Sunday,Weekly Special,Two Course Sunday Roast,"Traditional roast of the day with roasted vegetables, seasonal greens and rich gravy, with an Ice Cream Sundae to finish.",,$28,,,,,#84cc16,,,,,,images/bg2.jpg,,,,,
04/05/2026,Monday,Weekly Special,Steak Day Monday's,"Start your week off with a 200g Succulent Rump Steak, cooked to your liking, served with golden fries and a green garden salad.",,$20,,,,,#f59e0b,,,,,,images/bg1.jpg,,,,,
06/05/2026,Wednesday,Weekly Event,Quiz Night,"Every Wednesday Night from 7.00pm, $190 in prizes up for grabs. Bookings Essential.",,FREE ENTRY,,,,,#eab308,,,,,,images/bg2.jpg,,,,,
07/05/2026,Thursday,Weekly Special,Burger Day Thursdays,"Your choice of Chicken, Beer Battered Fish, Pork Belly or Coasters Beef Burger, all served with Golden Fries & Onion Rings.",,$19 each or 2 for $35!,,,,,#f97316,,,,,,images/bg3.jpg,,,,,
07/05/2026,Thursday,Happy Hour,Happy Hours!,Enjoy 10% discount on selected beverages between 4.30pm & 6.30pm.,,10% Off!,,,,,#3b82f6,,,,,,images/bg4.jpg,,,,,
07/05/2026,Thursday,Weekly Event,Free Pool Thursdays,Our Pool Table is Free all day and night on Thursdays! Grab a cue and challenge your mates.,,FREE,,,,,#f97316,,,,,,images/bg1.jpg,,,,,
08/05/2026,Friday,Super Rugby,Crusaders,vs Blues,7:05 pm,,"One NZ Stadium, Chch",Blockbuster,,,,,,,,,,,,,,
08/05/2026,Friday,Happy Hour,Happy Hours!,Enjoy 10% discount on selected beverages between 4.30pm & 6.30pm.,,10% Off!,,,,,#3b82f6,,,,,,images/bg4.jpg,,,,,
09/05/2026,Saturday, Band,String Theory,,8:00 pm,,PLAYING HERE LIVE!,,,,,,,,,,,,,,,
10/05/2026,Sunday,Weekly Special,Two Course Sunday Roast,"Traditional roast of the day with roasted vegetables, seasonal greens and rich gravy, with an Ice Cream Sundae to finish.",,$28,,,,,#84cc16,,,,,,images/bg2.jpg,,,,,
11/05/2026,Monday,Weekly Special,Steak Day Monday's,"Start your week off with a 200g Succulent Rump Steak, cooked to your liking, served with golden fries and a green garden salad.",,$20,,,,,#f59e0b,,,,,,images/bg1.jpg,,,,,
13/05/2026,Wednesday,Weekly Event,Quiz Night,"Every Wednesday Night from 7.00pm, $190 in prizes up for grabs. Bookings Essential.",,FREE ENTRY,,,,,#eab308,,,,,,images/bg2.jpg,,,,,
14/05/2026,Thursday,Weekly Special,Burger Day Thursdays,"Your choice of Chicken, Beer Battered Fish, Pork Belly or Coasters Beef Burger, all served with Golden Fries & Onion Rings.",,$19 each or 2 for $35!,,,,,#f97316,,,,,,images/bg3.jpg,,,,,
14/05/2026,Thursday,Happy Hour,Happy Hours!,Enjoy 10% discount on selected beverages between 4.30pm & 6.30pm.,,10% Off!,,,,,#3b82f6,,,,,,images/bg4.jpg,,,,,
14/05/2026,Thursday,Weekly Event,Free Pool Thursdays,Our Pool Table is Free all day and night on Thursdays! Grab a cue and challenge your mates.,,FREE,,,,,#f97316,,,,,,images/bg1.jpg,,,,,
15/05/2026,Friday,Happy Hour,Happy Hours!,Enjoy 10% discount on selected beverages between 4.30pm & 6.30pm.,,10% Off!,,,,,#3b82f6,,,,,,images/bg4.jpg,,,,,
16/05/2026,Saturday,Karaoke,with Mel & Dave,Vouchers to be Won!,8:00 pm,,,,,,,,,,,,,,,,,
17/05/2026,Sunday,Weekly Special,Two Course Sunday Roast,"Traditional roast of the day with roasted vegetables, seasonal greens and rich gravy, with an Ice Cream Sundae to finish.",,$28,,,,,#84cc16,,,,,,images/bg2.jpg,,,,,
18/05/2026,Monday,Weekly Special,Steak Day Monday's,"Start your week off with a 200g Succulent Rump Steak, cooked to your liking, served with golden fries and a green garden salad.",,$20,,,,,#f59e0b,,,,,,images/bg1.jpg,,,,,
20/05/2026,Wednesday,Weekly Event,Quiz Night,"Every Wednesday Night from 7.00pm, $190 in prizes up for grabs. Bookings Essential.",,FREE ENTRY,,,,,#eab308,,,,,,images/bg2.jpg,,,,,
21/05/2026,Thursday,Weekly Special,Burger Day Thursdays,"Your choice of Chicken, Beer Battered Fish, Pork Belly or Coasters Beef Burger, all served with Golden Fries & Onion Rings.",,$19 each or 2 for $35!,,,,,#f97316,,,,,,images/bg3.jpg,,,,,
21/05/2026,Thursday,Happy Hour,Happy Hours!,Enjoy 10% discount on selected beverages between 4.30pm & 6.30pm.,,10% Off!,,,,,#3b82f6,,,,,,images/bg4.jpg,,,,,
21/05/2026,Thursday,Weekly Event,Free Pool Thursdays,Our Pool Table is Free all day and night on Thursdays! Grab a cue and challenge your mates.,,FREE,,,,,#f97316,,,,,,images/bg1.jpg,,,,,
22/05/2026,Friday,Super Rugby,Crusaders,vs Chiefs,7:05 pm,,"One NZ Stadium, Chch",,,,,,,,,,,,,,,
22/05/2026,Friday,Happy Hour,Happy Hours!,Enjoy 10% discount on selected beverages between 4.30pm & 6.30pm.,,10% Off!,,,,,#3b82f6,,,,,,images/bg4.jpg,,,,,
23/05/2026,Saturday,Karaoke,with Mel & Dave,Vouchers to be Won!,8:00 pm,,,,,,,,,,,,,,,,,
24/05/2026,Sunday,Weekly Special,Two Course Sunday Roast,"Traditional roast of the day with roasted vegetables, seasonal greens and rich gravy, with an Ice Cream Sundae to finish.",,$28,,,,,#84cc16,,,,,,images/bg2.jpg,,,,,
25/05/2026,Monday,Weekly Special,Steak Day Monday's,"Start your week off with a 200g Succulent Rump Steak, cooked to your liking, served with golden fries and a green garden salad.",,$20,,,,,#f59e0b,,,,,,images/bg1.jpg,,,,,
27/05/2026,Wednesday,Weekly Event,Quiz Night,"Every Wednesday Night from 7.00pm, $190 in prizes up for grabs. Bookings Essential.",,FREE ENTRY,,,,,#eab308,,,,,,images/bg2.jpg,,,,,
28/05/2026,Thursday,Weekly Special,Burger Day Thursdays,"Your choice of Chicken, Beer Battered Fish, Pork Belly or Coasters Beef Burger, all served with Golden Fries & Onion Rings.",,$19 each or 2 for $35!,,,,,#f97316,,,,,,images/bg3.jpg,,,,,
28/05/2026,Thursday,Happy Hour,Happy Hours!,Enjoy 10% discount on selected beverages between 4.30pm & 6.30pm.,,10% Off!,,,,,#3b82f6,,,,,,images/bg4.jpg,,,,,
28/05/2026,Thursday,Weekly Event,Free Pool Thursdays,Our Pool Table is Free all day and night on Thursdays! Grab a cue and challenge your mates.,,FREE,,,,,#f97316,,,,,,images/bg1.jpg,,,,,
29/05/2026,Friday,Super Rugby,Crusaders,vs Hurricanes,7:05 pm,,"One NZ Stadium, Chch",,,,,,,,,,,,,,,
29/05/2026,Friday,Happy Hour,Happy Hours!,Enjoy 10% discount on selected beverages between 4.30pm & 6.30pm.,,10% Off!,,,,,#3b82f6,,,,,,images/bg4.jpg,,,,,
30/05/2026,Saturday,Karaoke,with Mel & Dave,Vouchers to be Won!,8:00 pm,,,,,,,,,,,,,,,,,
31/05/2026,Sunday,Weekly Special,Two Course Sunday Roast,"Traditional roast of the day with roasted vegetables, seasonal greens and rich gravy, with an Ice Cream Sundae to finish.",,$28,,,,,#84cc16,,,,,,images/bg2.jpg,,,,,
31/05/2026,Sunday,NRL,Warriors,@ Panthers,8:15 pm,,Sydney (Away),Sunday night game,,,,,,,,,,,,,,
01/06/2026,Monday,Weekly Special,Steak Day Monday's,"Start your week off with a 200g Succulent Rump Steak, cooked to your liking, served with golden fries and a green garden salad.",,$20,,,,,#f59e0b,,,,,,images/bg1.jpg,,,,,
03/06/2026,Wednesday,Weekly Event,Quiz Night,"Every Wednesday Night from 7.00pm, $190 in prizes up for grabs. Bookings Essential.",,FREE ENTRY,,,,,#eab308,,,,,,images/bg2.jpg,,,,,
04/06/2026,Thursday,Weekly Special,Burger Day Thursdays,"Your choice of Chicken, Beer Battered Fish, Pork Belly or Coasters Beef Burger, all served with Golden Fries & Onion Rings.",,$19 each or 2 for $35!,,,,,#f97316,,,,,,images/bg3.jpg,,,,,
04/06/2026,Thursday,Happy Hour,Happy Hours!,Enjoy 10% discount on selected beverages between 4.30pm & 6.30pm.,,10% Off!,,,,,#3b82f6,,,,,,images/bg4.jpg,,,,,
04/06/2026,Thursday,Weekly Event,Free Pool Thursdays,Our Pool Table is Free all day and night on Thursdays! Grab a cue and challenge your mates.,,FREE,,,,,#f97316,,,,,,images/bg1.jpg,,,,,
05/06/2026,Friday,Happy Hour,Happy Hours!,Enjoy 10% discount on selected beverages between 4.30pm & 6.30pm.,,10% Off!,,,,,#3b82f6,,,,,,images/bg4.jpg,,,,,
06/06/2026,Saturday, Band,Riccstar,,8:00 pm,,PLAYING HERE LIVE!,,,,,,,,,,,,,,,
07/06/2026,Sunday,Weekly Special,Two Course Sunday Roast,"Traditional roast of the day with roasted vegetables, seasonal greens and rich gravy, with an Ice Cream Sundae to finish.",,$28,,,,,#84cc16,,,,,,images/bg2.jpg,,,,,
08/06/2026,Monday,Weekly Special,Steak Day Monday's,"Start your week off with a 200g Succulent Rump Steak, cooked to your liking, served with golden fries and a green garden salad.",,$20,,,,,#f59e0b,,,,,,images/bg1.jpg,,,,,
10/06/2026,Wednesday,Weekly Event,Quiz Night,"Every Wednesday Night from 7.00pm, $190 in prizes up for grabs. Bookings Essential.",,FREE ENTRY,,,,,#eab308,,,,,,images/bg2.jpg,,,,,
11/06/2026,Thursday,Weekly Special,Burger Day Thursdays,"Your choice of Chicken, Beer Battered Fish, Pork Belly or Coasters Beef Burger, all served with Golden Fries & Onion Rings.",,$19 each or 2 for $35!,,,,,#f97316,,,,,,images/bg3.jpg,,,,,
11/06/2026,Thursday,Happy Hour,Happy Hours!,Enjoy 10% discount on selected beverages between 4.30pm & 6.30pm.,,10% Off!,,,,,#3b82f6,,,,,,images/bg4.jpg,,,,,
11/06/2026,Thursday,Weekly Event,Free Pool Thursdays,Our Pool Table is Free all day and night on Thursdays! Grab a cue and challenge your mates.,,FREE,,,,,#f97316,,,,,,images/bg1.jpg,,,,,
12/06/2026,Friday,Happy Hour,Happy Hours!,Enjoy 10% discount on selected beverages between 4.30pm & 6.30pm.,,10% Off!,,,,,#3b82f6,,,,,,images/bg4.jpg,,,,,
13/06/2026,Saturday,Karaoke,with Mel & Dave,Vouchers to be Won!,8:00 pm,,,CLASH: Warriors game starts 7:30pm,,,,,,,,,,,,,,
13/06/2026,Saturday,NRL,Warriors,vs Sharks,7:30 pm,,"Go Media Stadium, Auckland",CLASH: Overlaps with Karaoke,,,,,,,,,,,,,,
14/06/2026,Sunday,Weekly Special,Two Course Sunday Roast,"Traditional roast of the day with roasted vegetables, seasonal greens and rich gravy, with an Ice Cream Sundae to finish.",,$28,,,,,#84cc16,,,,,,images/bg2.jpg,,,,,
15/06/2026,Monday,Weekly Special,Steak Day Monday's,"Start your week off with a 200g Succulent Rump Steak, cooked to your liking, served with golden fries and a green garden salad.",,$20,,,,,#f59e0b,,,,,,images/bg1.jpg,,,,,
17/06/2026,Wednesday,Weekly Event,Quiz Night,"Every Wednesday Night from 7.00pm, $190 in prizes up for grabs. Bookings Essential.",,FREE ENTRY,,,,,#eab308,,,,,,images/bg2.jpg,,,,,
18/06/2026,Thursday,Weekly Special,Burger Day Thursdays,"Your choice of Chicken, Beer Battered Fish, Pork Belly or Coasters Beef Burger, all served with Golden Fries & Onion Rings.",,$19 each or 2 for $35!,,,,,#f97316,,,,,,images/bg3.jpg,,,,,
18/06/2026,Thursday,Happy Hour,Happy Hours!,Enjoy 10% discount on selected beverages between 4.30pm & 6.30pm.,,10% Off!,,,,,#3b82f6,,,,,,images/bg4.jpg,,,,,
18/06/2026,Thursday,Weekly Event,Free Pool Thursdays,Our Pool Table is Free all day and night on Thursdays! Grab a cue and challenge your mates.,,FREE,,,,,#f97316,,,,,,images/bg1.jpg,,,,,
19/06/2026,Friday,Happy Hour,Happy Hours!,Enjoy 10% discount on selected beverages between 4.30pm & 6.30pm.,,10% Off!,,,,,#3b82f6,,,,,,images/bg4.jpg,,,,,
20/06/2026,Saturday, Band,Huakina,,8:00 pm,,PLAYING HERE LIVE!,,,,,,,,,,,,,,,
21/06/2026,Sunday,Weekly Special,Two Course Sunday Roast,"Traditional roast of the day with roasted vegetables, seasonal greens and rich gravy, with an Ice Cream Sundae to finish.",,$28,,,,,#84cc16,,,,,,images/bg2.jpg,,,,,
21/06/2026,Sunday,NRL,Warriors,vs Cowboys,4:00 pm,,"One NZ Stadium, Christchurch",Sunday afternoon footy,,,,,,,,,,,,,,
22/06/2026,Monday,Weekly Special,Steak Day Monday's,"Start your week off with a 200g Succulent Rump Steak, cooked to your liking, served with golden fries and a green garden salad.",,$20,,,,,#f59e0b,,,,,,images/bg1.jpg,,,,,
24/06/2026,Wednesday,Weekly Event,Quiz Night,"Every Wednesday Night from 7.00pm, $190 in prizes up for grabs. Bookings Essential.",,FREE ENTRY,,,,,#eab308,,,,,,images/bg2.jpg,,,,,
25/06/2026,Thursday,Weekly Special,Burger Day Thursdays,"Your choice of Chicken, Beer Battered Fish, Pork Belly or Coasters Beef Burger, all served with Golden Fries & Onion Rings.",,$19 each or 2 for $35!,,,,,#f97316,,,,,,images/bg3.jpg,,,,,
25/06/2026,Thursday,Happy Hour,Happy Hours!,Enjoy 10% discount on selected beverages between 4.30pm & 6.30pm.,,10% Off!,,,,,#3b82f6,,,,,,images/bg4.jpg,,,,,
25/06/2026,Thursday,Weekly Event,Free Pool Thursdays,Our Pool Table is Free all day and night on Thursdays! Grab a cue and challenge your mates.,,FREE,,,,,#f97316,,,,,,images/bg1.jpg,,,,,
26/06/2026,Friday,Happy Hour,Happy Hours!,Enjoy 10% discount on selected beverages between 4.30pm & 6.30pm.,,10% Off!,,,,,#3b82f6,,,,,,images/bg4.jpg,,,,,
27/06/2026,Saturday,Karaoke,with Mel & Dave,Vouchers to be Won!,8:00 pm,,,,,,,,,,,,,,,,,
28/06/2026,Sunday,Weekly Special,Two Course Sunday Roast,"Traditional roast of the day with roasted vegetables, seasonal greens and rich gravy, with an Ice Cream Sundae to finish.",,$28,,,,,#84cc16,,,,,,images/bg2.jpg,,,,,
29/06/2026,Monday,Weekly Special,Steak Day Monday's,"Start your week off with a 200g Succulent Rump Steak, cooked to your liking, served with golden fries and a green garden salad.",,$20,,,,,#f59e0b,,,,,,images/bg1.jpg,,,,,
01/07/2026,Wednesday,Weekly Event,Quiz Night,"Every Wednesday Night from 7.00pm, $190 in prizes up for grabs. Bookings Essential.",,FREE ENTRY,,,,,#eab308,,,,,,images/bg2.jpg,,,,,
02/07/2026,Thursday,Weekly Special,Burger Day Thursdays,"Your choice of Chicken, Beer Battered Fish, Pork Belly or Coasters Beef Burger, all served with Golden Fries & Onion Rings.",,$19 each or 2 for $35!,,,,,#f97316,,,,,,images/bg3.jpg,,,,,
02/07/2026,Thursday,Happy Hour,Happy Hours!,Enjoy 10% discount on selected beverages between 4.30pm & 6.30pm.,,10% Off!,,,,,#3b82f6,,,,,,images/bg4.jpg,,,,,
02/07/2026,Thursday,Weekly Event,Free Pool Thursdays,Our Pool Table is Free all day and night on Thursdays! Grab a cue and challenge your mates.,,FREE,,,,,#f97316,,,,,,images/bg1.jpg,,,,,
03/07/2026,Friday,Happy Hour,Happy Hours!,Enjoy 10% discount on selected beverages between 4.30pm & 6.30pm.,,10% Off!,,,,,#3b82f6,,,,,,images/bg4.jpg,,,,,
04/07/2026,Saturday,🟣/🟠 TBC,,,8:00 pm,,Venue,,,,,,,,,,,,,,,
05/07/2026,Sunday,Weekly Special,Two Course Sunday Roast,"Traditional roast of the day with roasted vegetables, seasonal greens and rich gravy, with an Ice Cream Sundae to finish.",,$28,,,,,#84cc16,,,,,,images/bg2.jpg,,,,,
06/07/2026,Monday,Weekly Special,Steak Day Monday's,"Start your week off with a 200g Succulent Rump Steak, cooked to your liking, served with golden fries and a green garden salad.",,$20,,,,,#f59e0b,,,,,,images/bg1.jpg,,,,,
08/07/2026,Wednesday,Weekly Event,Quiz Night,"Every Wednesday Night from 7.00pm, $190 in prizes up for grabs. Bookings Essential.",,FREE ENTRY,,,,,#eab308,,,,,,images/bg2.jpg,,,,,
09/07/2026,Thursday,Weekly Special,Burger Day Thursdays,"Your choice of Chicken, Beer Battered Fish, Pork Belly or Coasters Beef Burger, all served with Golden Fries & Onion Rings.",,$19 each or 2 for $35!,,,,,#f97316,,,,,,images/bg3.jpg,,,,,
09/07/2026,Thursday,Happy Hour,Happy Hours!,Enjoy 10% discount on selected beverages between 4.30pm & 6.30pm.,,10% Off!,,,,,#3b82f6,,,,,,images/bg4.jpg,,,,,
09/07/2026,Thursday,Weekly Event,Free Pool Thursdays,Our Pool Table is Free all day and night on Thursdays! Grab a cue and challenge your mates.,,FREE,,,,,#f97316,,,,,,images/bg1.jpg,,,,,
10/07/2026,Friday,Happy Hour,Happy Hours!,Enjoy 10% discount on selected beverages between 4.30pm & 6.30pm.,,10% Off!,,,,,#3b82f6,,,,,,images/bg4.jpg,,,,,
11/07/2026,Saturday,🟣/🟠 TBC,,,8:00 pm,,Venue,,,,,,,,,,,,,,,
12/07/2026,Sunday,Weekly Special,Two Course Sunday Roast,"Traditional roast of the day with roasted vegetables, seasonal greens and rich gravy, with an Ice Cream Sundae to finish.",,$28,,,,,#84cc16,,,,,,images/bg2.jpg,,,,,
13/07/2026,Monday,Weekly Special,Steak Day Monday's,"Start your week off with a 200g Succulent Rump Steak, cooked to your liking, served with golden fries and a green garden salad.",,$20,,,,,#f59e0b,,,,,,images/bg1.jpg,,,,,
15/07/2026,Wednesday,Weekly Event,Quiz Night,"Every Wednesday Night from 7.00pm, $190 in prizes up for grabs. Bookings Essential.",,FREE ENTRY,,,,,#eab308,,,,,,images/bg2.jpg,,,,,
16/07/2026,Thursday,Weekly Special,Burger Day Thursdays,"Your choice of Chicken, Beer Battered Fish, Pork Belly or Coasters Beef Burger, all served with Golden Fries & Onion Rings.",,$19 each or 2 for $35!,,,,,#f97316,,,,,,images/bg3.jpg,,,,,
16/07/2026,Thursday,Happy Hour,Happy Hours!,Enjoy 10% discount on selected beverages between 4.30pm & 6.30pm.,,10% Off!,,,,,#3b82f6,,,,,,images/bg4.jpg,,,,,
16/07/2026,Thursday,Weekly Event,Free Pool Thursdays,Our Pool Table is Free all day and night on Thursdays! Grab a cue and challenge your mates.,,FREE,,,,,#f97316,,,,,,images/bg1.jpg,,,,,
17/07/2026,Friday,Happy Hour,Happy Hours!,Enjoy 10% discount on selected beverages between 4.30pm & 6.30pm.,,10% Off!,,,,,#3b82f6,,,,,,images/bg4.jpg,,,,,
18/07/2026,Saturday,🟣/🟠 TBC,,,8:00 pm,,Venue,,,,,,,,,,,,,,,
18/07/2026,Saturday,NRL,Warriors,vs Dragons,7:30 pm,,"Go Media Stadium, Auckland",CLASH: Overlaps with 8pm Band,,,,,,,,,,,,,,
19/07/2026,Sunday,Weekly Special,Two Course Sunday Roast,"Traditional roast of the day with roasted vegetables, seasonal greens and rich gravy, with an Ice Cream Sundae to finish.",,$28,,,,,#84cc16,,,,,,images/bg2.jpg,,,,,
20/07/2026,Monday,Weekly Special,Steak Day Monday's,"Start your week off with a 200g Succulent Rump Steak, cooked to your liking, served with golden fries and a green garden salad.",,$20,,,,,#f59e0b,,,,,,images/bg1.jpg,,,,,
22/07/2026,Wednesday,Weekly Event,Quiz Night,"Every Wednesday Night from 7.00pm, $190 in prizes up for grabs. Bookings Essential.",,FREE ENTRY,,,,,#eab308,,,,,,images/bg2.jpg,,,,,
23/07/2026,Thursday,Weekly Special,Burger Day Thursdays,"Your choice of Chicken, Beer Battered Fish, Pork Belly or Coasters Beef Burger, all served with Golden Fries & Onion Rings.",,$19 each or 2 for $35!,,,,,#f97316,,,,,,images/bg3.jpg,,,,,
23/07/2026,Thursday,Happy Hour,Happy Hours!,Enjoy 10% discount on selected beverages between 4.30pm & 6.30pm.,,10% Off!,,,,,#3b82f6,,,,,,images/bg4.jpg,,,,,
23/07/2026,Thursday,Weekly Event,Free Pool Thursdays,Our Pool Table is Free all day and night on Thursdays! Grab a cue and challenge your mates.,,FREE,,,,,#f97316,,,,,,images/bg1.jpg,,,,,
24/07/2026,Friday,Happy Hour,Happy Hours!,Enjoy 10% discount on selected beverages between 4.30pm & 6.30pm.,,10% Off!,,,,,#3b82f6,,,,,,images/bg4.jpg,,,,,
25/07/2026,Saturday,🟣/🟠 TBC,,,8:00 pm,,Venue,,,,,,,,,,,,,,,
25/07/2026,Saturday,NRL,Warriors,@ Bulldogs,7:30 pm,,Sydney (Away),CLASH: Overlaps with 8pm Band,,,,,,,,,,,,,,
26/07/2026,Sunday,Weekly Special,Two Course Sunday Roast,"Traditional roast of the day with roasted vegetables, seasonal greens and rich gravy, with an Ice Cream Sundae to finish.",,$28,,,,,#84cc16,,,,,,images/bg2.jpg,,,,,
27/07/2026,Monday,Weekly Special,Steak Day Monday's,"Start your week off with a 200g Succulent Rump Steak, cooked to your liking, served with golden fries and a green garden salad.",,$20,,,,,#f59e0b,,,,,,images/bg1.jpg,,,,,
29/07/2026,Wednesday,Weekly Event,Quiz Night,"Every Wednesday Night from 7.00pm, $190 in prizes up for grabs. Bookings Essential.",,FREE ENTRY,,,,,#eab308,,,,,,images/bg2.jpg,,,,,
30/07/2026,Thursday,Weekly Special,Burger Day Thursdays,"Your choice of Chicken, Beer Battered Fish, Pork Belly or Coasters Beef Burger, all served with Golden Fries & Onion Rings.",,$19 each or 2 for $35!,,,,,#f97316,,,,,,images/bg3.jpg,,,,,
30/07/2026,Thursday,Happy Hour,Happy Hours!,Enjoy 10% discount on selected beverages between 4.30pm & 6.30pm.,,10% Off!,,,,,#3b82f6,,,,,,images/bg4.jpg,,,,,
30/07/2026,Thursday,Weekly Event,Free Pool Thursdays,Our Pool Table is Free all day and night on Thursdays! Grab a cue and challenge your mates.,,FREE,,,,,#f97316,,,,,,images/bg1.jpg,,,,,
31/07/2026,Friday,Happy Hour,Happy Hours!,Enjoy 10% discount on selected beverages between 4.30pm & 6.30pm.,,10% Off!,,,,,#3b82f6,,,,,,images/bg4.jpg,,,,,
01/08/2026,Saturday,🟣/🟠 TBC,,,8:00 pm,,Venue,,,,,,,,,,,,,,,
01/08/2026,Saturday,NRL,Warriors,@ Titans,5:00 pm,,Gold Coast (Away),Perfect lead-in to 8pm Band,,,,,,,,,,,,,,
02/08/2026,Sunday,Weekly Special,Two Course Sunday Roast,"Traditional roast of the day with roasted vegetables, seasonal greens and rich gravy, with an Ice Cream Sundae to finish.",,$28,,,,,#84cc16,,,,,,images/bg2.jpg,,,,,
03/08/2026,Monday,Weekly Special,Steak Day Monday's,"Start your week off with a 200g Succulent Rump Steak, cooked to your liking, served with golden fries and a green garden salad.",,$20,,,,,#f59e0b,,,,,,images/bg1.jpg,,,,,
05/08/2026,Wednesday,Weekly Event,Quiz Night,"Every Wednesday Night from 7.00pm, $190 in prizes up for grabs. Bookings Essential.",,FREE ENTRY,,,,,#eab308,,,,,,images/bg2.jpg,,,,,
06/08/2026,Thursday,Weekly Special,Burger Day Thursdays,"Your choice of Chicken, Beer Battered Fish, Pork Belly or Coasters Beef Burger, all served with Golden Fries & Onion Rings.",,$19 each or 2 for $35!,,,,,#f97316,,,,,,images/bg3.jpg,,,,,
06/08/2026,Thursday,Happy Hour,Happy Hours!,Enjoy 10% discount on selected beverages between 4.30pm & 6.30pm.,,10% Off!,,,,,#3b82f6,,,,,,images/bg4.jpg,,,,,
06/08/2026,Thursday,Weekly Event,Free Pool Thursdays,Our Pool Table is Free all day and night on Thursdays! Grab a cue and challenge your mates.,,FREE,,,,,#f97316,,,,,,images/bg1.jpg,,,,,
07/08/2026,Friday,Happy Hour,Happy Hours!,Enjoy 10% discount on selected beverages between 4.30pm & 6.30pm.,,10% Off!,,,,,#3b82f6,,,,,,images/bg4.jpg,,,,,
07/08/2026,Friday,NRL,Warriors,vs Panthers,8:00 pm,,"Go Media Stadium, Auckland",Friday Night Footy,,,,,,,,,,,,,,
08/08/2026,Saturday,🟣/🟠 TBC,,,8:00 pm,,Venue,,,,,,,,,,,,,,,
09/08/2026,Sunday,Weekly Special,Two Course Sunday Roast,"Traditional roast of the day with roasted vegetables, seasonal greens and rich gravy, with an Ice Cream Sundae to finish.",,$28,,,,,#84cc16,,,,,,images/bg2.jpg,,,,,
10/08/2026,Monday,Weekly Special,Steak Day Monday's,"Start your week off with a 200g Succulent Rump Steak, cooked to your liking, served with golden fries and a green garden salad.",,$20,,,,,#f59e0b,,,,,,images/bg1.jpg,,,,,
12/08/2026,Wednesday,Weekly Event,Quiz Night,"Every Wednesday Night from 7.00pm, $190 in prizes up for grabs. Bookings Essential.",,FREE ENTRY,,,,,#eab308,,,,,,images/bg2.jpg,,,,,
13/08/2026,Thursday,Weekly Special,Burger Day Thursdays,"Your choice of Chicken, Beer Battered Fish, Pork Belly or Coasters Beef Burger, all served with Golden Fries & Onion Rings.",,$19 each or 2 for $35!,,,,,#f97316,,,,,,images/bg3.jpg,,,,,
13/08/2026,Thursday,Happy Hour,Happy Hours!,Enjoy 10% discount on selected beverages between 4.30pm & 6.30pm.,,10% Off!,,,,,#3b82f6,,,,,,images/bg4.jpg,,,,,
13/08/2026,Thursday,Weekly Event,Free Pool Thursdays,Our Pool Table is Free all day and night on Thursdays! Grab a cue and challenge your mates.,,FREE,,,,,#f97316,,,,,,images/bg1.jpg,,,,,
14/08/2026,Friday,Happy Hour,Happy Hours!,Enjoy 10% discount on selected beverages between 4.30pm & 6.30pm.,,10% Off!,,,,,#3b82f6,,,,,,images/bg4.jpg,,,,,
15/08/2026,Saturday,🟣/🟠 TBC,,,8:00 pm,,Venue,,,,,,,,,,,,,,,
16/08/2026,Sunday,Weekly Special,Two Course Sunday Roast,"Traditional roast of the day with roasted vegetables, seasonal greens and rich gravy, with an Ice Cream Sundae to finish.",,$28,,,,,#84cc16,,,,,,images/bg2.jpg,,,,,
17/08/2026,Monday,Weekly Special,Steak Day Monday's,"Start your week off with a 200g Succulent Rump Steak, cooked to your liking, served with golden fries and a green garden salad.",,$20,,,,,#f59e0b,,,,,,images/bg1.jpg,,,,,
19/08/2026,Wednesday,Weekly Event,Quiz Night,"Every Wednesday Night from 7.00pm, $190 in prizes up for grabs. Bookings Essential.",,FREE ENTRY,,,,,#eab308,,,,,,images/bg2.jpg,,,,,
20/08/2026,Thursday,Weekly Special,Burger Day Thursdays,"Your choice of Chicken, Beer Battered Fish, Pork Belly or Coasters Beef Burger, all served with Golden Fries & Onion Rings.",,$19 each or 2 for $35!,,,,,#f97316,,,,,,images/bg3.jpg,,,,,
20/08/2026,Thursday,Happy Hour,Happy Hours!,Enjoy 10% discount on selected beverages between 4.30pm & 6.30pm.,,10% Off!,,,,,#3b82f6,,,,,,images/bg4.jpg,,,,,
20/08/2026,Thursday,Weekly Event,Free Pool Thursdays,Our Pool Table is Free all day and night on Thursdays! Grab a cue and challenge your mates.,,FREE,,,,,#f97316,,,,,,images/bg1.jpg,,,,,
21/08/2026,Friday,Happy Hour,Happy Hours!,Enjoy 10% discount on selected beverages between 4.30pm & 6.30pm.,,10% Off!,,,,,#3b82f6,,,,,,images/bg4.jpg,,,,,
22/08/2026,Saturday,🟣/🟠 TBC,,,8:00 pm,,Venue,,,,,,,,,,,,,,,
23/08/2026,Sunday,Weekly Special,Two Course Sunday Roast,"Traditional roast of the day with roasted vegetables, seasonal greens and rich gravy, with an Ice Cream Sundae to finish.",,$28,,,,,#84cc16,,,,,,images/bg2.jpg,,,,,
24/08/2026,Monday,Weekly Special,Steak Day Monday's,"Start your week off with a 200g Succulent Rump Steak, cooked to your liking, served with golden fries and a green garden salad.",,$20,,,,,#f59e0b,,,,,,images/bg1.jpg,,,,,
26/08/2026,Wednesday,Weekly Event,Quiz Night,"Every Wednesday Night from 7.00pm, $190 in prizes up for grabs. Bookings Essential.",,FREE ENTRY,,,,,#eab308,,,,,,images/bg2.jpg,,,,,
27/08/2026,Thursday,Weekly Special,Burger Day Thursdays,"Your choice of Chicken, Beer Battered Fish, Pork Belly or Coasters Beef Burger, all served with Golden Fries & Onion Rings.",,$19 each or 2 for $35!,,,,,#f97316,,,,,,images/bg3.jpg,,,,,
27/08/2026,Thursday,Happy Hour,Happy Hours!,Enjoy 10% discount on selected beverages between 4.30pm & 6.30pm.,,10% Off!,,,,,#3b82f6,,,,,,images/bg4.jpg,,,,,
27/08/2026,Thursday,Weekly Event,Free Pool Thursdays,Our Pool Table is Free all day and night on Thursdays! Grab a cue and challenge your mates.,,FREE,,,,,#f97316,,,,,,images/bg1.jpg,,,,,
28/08/2026,Friday,Happy Hour,Happy Hours!,Enjoy 10% discount on selected beverages between 4.30pm & 6.30pm.,,10% Off!,,,,,#3b82f6,,,,,,images/bg4.jpg,,,,,
29/08/2026,Saturday,🟣/🟠 TBC,,,8:00 pm,,Venue,,,,,,,,,,,,,,,
30/08/2026,Sunday,Weekly Special,Two Course Sunday Roast,"Traditional roast of the day with roasted vegetables, seasonal greens and rich gravy, with an Ice Cream Sundae to finish.",,$28,,,,,#84cc16,,,,,,images/bg2.jpg,,,,,
30/08/2026,Sunday,NRL,Warriors,vs Knights,4:00 pm,,"Go Media Stadium, Auckland",Sunday afternoon footy,,,,,,,,,,,,,,
31/08/2026,Monday,Weekly Special,Steak Day Monday's,"Start your week off with a 200g Succulent Rump Steak, cooked to your liking, served with golden fries and a green garden salad.",,$20,,,,,#f59e0b,,,,,,images/bg1.jpg,,,,,
02/09/2026,Wednesday,Weekly Event,Quiz Night,"Every Wednesday Night from 7.00pm, $190 in prizes up for grabs. Bookings Essential.",,FREE ENTRY,,,,,#eab308,,,,,,images/bg2.jpg,,,,,
03/09/2026,Thursday,Weekly Special,Burger Day Thursdays,"Your choice of Chicken, Beer Battered Fish, Pork Belly or Coasters Beef Burger, all served with Golden Fries & Onion Rings.",,$19 each or 2 for $35!,,,,,#f97316,,,,,,images/bg3.jpg,,,,,
03/09/2026,Thursday,Happy Hour,Happy Hours!,Enjoy 10% discount on selected beverages between 4.30pm & 6.30pm.,,10% Off!,,,,,#3b82f6,,,,,,images/bg4.jpg,,,,,
03/09/2026,Thursday,Weekly Event,Free Pool Thursdays,Our Pool Table is Free all day and night on Thursdays! Grab a cue and challenge your mates.,,FREE,,,,,#f97316,,,,,,images/bg1.jpg,,,,,
04/09/2026,Friday,Happy Hour,Happy Hours!,Enjoy 10% discount on selected beverages between 4.30pm & 6.30pm.,,10% Off!,,,,,#3b82f6,,,,,,images/bg4.jpg,,,,,
05/09/2026,Saturday,🟣/🟠 TBC,,,8:00 pm,,Venue,,,,,,,,,,,,,,,
05/09/2026,Saturday,NRL,Warriors,vs Sea Eagles,5:00 pm,,"Go Media Stadium, Auckland",Perfect lead-in to 8pm Band,,,,,,,,,,,,,,
06/09/2026,Sunday,Weekly Special,Two Course Sunday Roast,"Traditional roast of the day with roasted vegetables, seasonal greens and rich gravy, with an Ice Cream Sundae to finish.",,$28,,,,,#84cc16,,,,,,images/bg2.jpg,,,,,
07/09/2026,Monday,Weekly Special,Steak Day Monday's,"Start your week off with a 200g Succulent Rump Steak, cooked to your liking, served with golden fries and a green garden salad.",,$20,,,,,#f59e0b,,,,,,images/bg1.jpg,,,,,
09/09/2026,Wednesday,Weekly Event,Quiz Night,"Every Wednesday Night from 7.00pm, $190 in prizes up for grabs. Bookings Essential.",,FREE ENTRY,,,,,#eab308,,,,,,images/bg2.jpg,,,,,
10/09/2026,Thursday,Weekly Special,Burger Day Thursdays,"Your choice of Chicken, Beer Battered Fish, Pork Belly or Coasters Beef Burger, all served with Golden Fries & Onion Rings.",,$19 each or 2 for $35!,,,,,#f97316,,,,,,images/bg3.jpg,,,,,
10/09/2026,Thursday,Happy Hour,Happy Hours!,Enjoy 10% discount on selected beverages between 4.30pm & 6.30pm.,,10% Off!,,,,,#3b82f6,,,,,,images/bg4.jpg,,,,,
10/09/2026,Thursday,Weekly Event,Free Pool Thursdays,Our Pool Table is Free all day and night on Thursdays! Grab a cue and challenge your mates.,,FREE,,,,,#f97316,,,,,,images/bg1.jpg,,,,,
11/09/2026,Friday,Happy Hour,Happy Hours!,Enjoy 10% discount on selected beverages between 4.30pm & 6.30pm.,,10% Off!,,,,,#3b82f6,,,,,,images/bg4.jpg,,,,,
12/09/2026,Saturday,🟣/🟠 TBC,,,8:00 pm,,Venue,,,,,,,,,,,,,,,
13/09/2026,Sunday,Weekly Special,Two Course Sunday Roast,"Traditional roast of the day with roasted vegetables, seasonal greens and rich gravy, with an Ice Cream Sundae to finish.",,$28,,,,,#84cc16,,,,,,images/bg2.jpg,,,,,
14/09/2026,Monday,Weekly Special,Steak Day Monday's,"Start your week off with a 200g Succulent Rump Steak, cooked to your liking, served with golden fries and a green garden salad.",,$20,,,,,#f59e0b,,,,,,images/bg1.jpg,,,,,
16/09/2026,Wednesday,Weekly Event,Quiz Night,"Every Wednesday Night from 7.00pm, $190 in prizes up for grabs. Bookings Essential.",,FREE ENTRY,,,,,#eab308,,,,,,images/bg2.jpg,,,,,
17/09/2026,Thursday,Weekly Special,Burger Day Thursdays,"Your choice of Chicken, Beer Battered Fish, Pork Belly or Coasters Beef Burger, all served with Golden Fries & Onion Rings.",,$19 each or 2 for $35!,,,,,#f97316,,,,,,images/bg3.jpg,,,,,
17/09/2026,Thursday,Happy Hour,Happy Hours!,Enjoy 10% discount on selected beverages between 4.30pm & 6.30pm.,,10% Off!,,,,,#3b82f6,,,,,,images/bg4.jpg,,,,,
17/09/2026,Thursday,Weekly Event,Free Pool Thursdays,Our Pool Table is Free all day and night on Thursdays! Grab a cue and challenge your mates.,,FREE,,,,,#f97316,,,,,,images/bg1.jpg,,,,,
18/09/2026,Friday,Happy Hour,Happy Hours!,Enjoy 10% discount on selected beverages between 4.30pm & 6.30pm.,,10% Off!,,,,,#3b82f6,,,,,,images/bg4.jpg,,,,,
19/09/2026,Saturday,🟣/🟠 TBC,,,8:00 pm,,Venue,,,,,,,,,,,,,,,
20/09/2026,Sunday,Weekly Special,Two Course Sunday Roast,"Traditional roast of the day with roasted vegetables, seasonal greens and rich gravy, with an Ice Cream Sundae to finish.",,$28,,,,,#84cc16,,,,,,images/bg2.jpg,,,,,
21/09/2026,Monday,Weekly Special,Steak Day Monday's,"Start your week off with a 200g Succulent Rump Steak, cooked to your liking, served with golden fries and a green garden salad.",,$20,,,,,#f59e0b,,,,,,images/bg1.jpg,,,,,
23/09/2026,Wednesday,Weekly Event,Quiz Night,"Every Wednesday Night from 7.00pm, $190 in prizes up for grabs. Bookings Essential.",,FREE ENTRY,,,,,#eab308,,,,,,images/bg2.jpg,,,,,
24/09/2026,Thursday,Weekly Special,Burger Day Thursdays,"Your choice of Chicken, Beer Battered Fish, Pork Belly or Coasters Beef Burger, all served with Golden Fries & Onion Rings.",,$19 each or 2 for $35!,,,,,#f97316,,,,,,images/bg3.jpg,,,,,
24/09/2026,Thursday,Happy Hour,Happy Hours!,Enjoy 10% discount on selected beverages between 4.30pm & 6.30pm.,,10% Off!,,,,,#3b82f6,,,,,,images/bg4.jpg,,,,,
24/09/2026,Thursday,Weekly Event,Free Pool Thursdays,Our Pool Table is Free all day and night on Thursdays! Grab a cue and challenge your mates.,,FREE,,,,,#f97316,,,,,,images/bg1.jpg,,,,,
25/09/2026,Friday,Happy Hour,Happy Hours!,Enjoy 10% discount on selected beverages between 4.30pm & 6.30pm.,,10% Off!,,,,,#3b82f6,,,,,,images/bg4.jpg,,,,,
26/09/2026,Saturday,🟣/🟠 TBC,,,8:00 pm,,Venue,,,,,,,,,,,,,,,
27/09/2026,Sunday,Weekly Special,Two Course Sunday Roast,"Traditional roast of the day with roasted vegetables, seasonal greens and rich gravy, with an Ice Cream Sundae to finish.",,$28,,,,,#84cc16,,,,,,images/bg2.jpg,,,,,
28/09/2026,Monday,Weekly Special,Steak Day Monday's,"Start your week off with a 200g Succulent Rump Steak, cooked to your liking, served with golden fries and a green garden salad.",,$20,,,,,#f59e0b,,,,,,images/bg1.jpg,,,,,
30/09/2026,Wednesday,Weekly Event,Quiz Night,"Every Wednesday Night from 7.00pm, $190 in prizes up for grabs. Bookings Essential.",,FREE ENTRY,,,,,#eab308,,,,,,images/bg2.jpg,,,,,
01/10/2026,Thursday,Weekly Special,Burger Day Thursdays,"Your choice of Chicken, Beer Battered Fish, Pork Belly or Coasters Beef Burger, all served with Golden Fries & Onion Rings.",,$19 each or 2 for $35!,,,,,#f97316,,,,,,images/bg3.jpg,,,,,
01/10/2026,Thursday,Happy Hour,Happy Hours!,Enjoy 10% discount on selected beverages between 4.30pm & 6.30pm.,,10% Off!,,,,,#3b82f6,,,,,,images/bg4.jpg,,,,,
01/10/2026,Thursday,Weekly Event,Free Pool Thursdays,Our Pool Table is Free all day and night on Thursdays! Grab a cue and challenge your mates.,,FREE,,,,,#f97316,,,,,,images/bg1.jpg,,,,,
02/10/2026,Friday,Happy Hour,Happy Hours!,Enjoy 10% discount on selected beverages between 4.30pm & 6.30pm.,,10% Off!,,,,,#3b82f6,,,,,,images/bg4.jpg,,,,,
03/10/2026,Saturday,🟣/🟠 TBC,,,8:00 pm,,Venue,,,,,,,,,,,,,,,
04/10/2026,Sunday,Weekly Special,Two Course Sunday Roast,"Traditional roast of the day with roasted vegetables, seasonal greens and rich gravy, with an Ice Cream Sundae to finish.",,$28,,,,,#84cc16,,,,,,images/bg2.jpg,,,,,
04/10/2026,Sunday,NRL,🏆 NRL Finals,Grand Final,~9:30 PM,,"Accor Stadium, Sydney",Grand Final,,,,,,,,,,,,,,
05/10/2026,Monday,Weekly Special,Steak Day Monday's,"Start your week off with a 200g Succulent Rump Steak, cooked to your liking, served with golden fries and a green garden salad.",,$20,,,,,#f59e0b,,,,,,images/bg1.jpg,,,,,
07/10/2026,Wednesday,Weekly Event,Quiz Night,"Every Wednesday Night from 7.00pm, $190 in prizes up for grabs. Bookings Essential.",,FREE ENTRY,,,,,#eab308,,,,,,images/bg2.jpg,,,,,
08/10/2026,Thursday,Weekly Special,Burger Day Thursdays,"Your choice of Chicken, Beer Battered Fish, Pork Belly or Coasters Beef Burger, all served with Golden Fries & Onion Rings.",,$19 each or 2 for $35!,,,,,#f97316,,,,,,images/bg3.jpg,,,,,
08/10/2026,Thursday,Happy Hour,Happy Hours!,Enjoy 10% discount on selected beverages between 4.30pm & 6.30pm.,,10% Off!,,,,,#3b82f6,,,,,,images/bg4.jpg,,,,,
08/10/2026,Thursday,Weekly Event,Free Pool Thursdays,Our Pool Table is Free all day and night on Thursdays! Grab a cue and challenge your mates.,,FREE,,,,,#f97316,,,,,,images/bg1.jpg,,,,,
09/10/2026,Friday,Happy Hour,Happy Hours!,Enjoy 10% discount on selected beverages between 4.30pm & 6.30pm.,,10% Off!,,,,,#3b82f6,,,,,,images/bg4.jpg,,,,,
10/10/2026,Saturday,🟣/🟠 TBC,,,8:00 pm,,Venue,,,,,,,,,,,,,,,
11/10/2026,Sunday,Weekly Special,Two Course Sunday Roast,"Traditional roast of the day with roasted vegetables, seasonal greens and rich gravy, with an Ice Cream Sundae to finish.",,$28,,,,,#84cc16,,,,,,images/bg2.jpg,,,,,
12/10/2026,Monday,Weekly Special,Steak Day Monday's,"Start your week off with a 200g Succulent Rump Steak, cooked to your liking, served with golden fries and a green garden salad.",,$20,,,,,#f59e0b,,,,,,images/bg1.jpg,,,,,
14/10/2026,Wednesday,Weekly Event,Quiz Night,"Every Wednesday Night from 7.00pm, $190 in prizes up for grabs. Bookings Essential.",,FREE ENTRY,,,,,#eab308,,,,,,images/bg2.jpg,,,,,
15/10/2026,Thursday,Weekly Special,Burger Day Thursdays,"Your choice of Chicken, Beer Battered Fish, Pork Belly or Coasters Beef Burger, all served with Golden Fries & Onion Rings.",,$19 each or 2 for $35!,,,,,#f97316,,,,,,images/bg3.jpg,,,,,
15/10/2026,Thursday,Happy Hour,Happy Hours!,Enjoy 10% discount on selected beverages between 4.30pm & 6.30pm.,,10% Off!,,,,,#3b82f6,,,,,,images/bg4.jpg,,,,,
15/10/2026,Thursday,Weekly Event,Free Pool Thursdays,Our Pool Table is Free all day and night on Thursdays! Grab a cue and challenge your mates.,,FREE,,,,,#f97316,,,,,,images/bg1.jpg,,,,,
16/10/2026,Friday,Happy Hour,Happy Hours!,Enjoy 10% discount on selected beverages between 4.30pm & 6.30pm.,,10% Off!,,,,,#3b82f6,,,,,,images/bg4.jpg,,,,,
17/10/2026,Saturday,🟣/🟠 TBC,,,8:00 pm,,Venue,,,,,,,,,,,,,,,
18/10/2026,Sunday,Weekly Special,Two Course Sunday Roast,"Traditional roast of the day with roasted vegetables, seasonal greens and rich gravy, with an Ice Cream Sundae to finish.",,$28,,,,,#84cc16,,,,,,images/bg2.jpg,,,,,
19/10/2026,Monday,Weekly Special,Steak Day Monday's,"Start your week off with a 200g Succulent Rump Steak, cooked to your liking, served with golden fries and a green garden salad.",,$20,,,,,#f59e0b,,,,,,images/bg1.jpg,,,,,
21/10/2026,Wednesday,Weekly Event,Quiz Night,"Every Wednesday Night from 7.00pm, $190 in prizes up for grabs. Bookings Essential.",,FREE ENTRY,,,,,#eab308,,,,,,images/bg2.jpg,,,,,
22/10/2026,Thursday,Weekly Special,Burger Day Thursdays,"Your choice of Chicken, Beer Battered Fish, Pork Belly or Coasters Beef Burger, all served with Golden Fries & Onion Rings.",,$19 each or 2 for $35!,,,,,#f97316,,,,,,images/bg3.jpg,,,,,
22/10/2026,Thursday,Happy Hour,Happy Hours!,Enjoy 10% discount on selected beverages between 4.30pm & 6.30pm.,,10% Off!,,,,,#3b82f6,,,,,,images/bg4.jpg,,,,,
22/10/2026,Thursday,Weekly Event,Free Pool Thursdays,Our Pool Table is Free all day and night on Thursdays! Grab a cue and challenge your mates.,,FREE,,,,,#f97316,,,,,,images/bg1.jpg,,,,,
23/10/2026,Friday,Happy Hour,Happy Hours!,Enjoy 10% discount on selected beverages between 4.30pm & 6.30pm.,,10% Off!,,,,,#3b82f6,,,,,,images/bg4.jpg,,,,,
24/10/2026,Saturday,🟣/🟠 TBC,,,8:00 pm,,Venue,,,,,,,,,,,,,,,
25/10/2026,Sunday,Weekly Special,Two Course Sunday Roast,"Traditional roast of the day with roasted vegetables, seasonal greens and rich gravy, with an Ice Cream Sundae to finish.",,$28,,,,,#84cc16,,,,,,images/bg2.jpg,,,,,
26/10/2026,Monday,Weekly Special,Steak Day Monday's,"Start your week off with a 200g Succulent Rump Steak, cooked to your liking, served with golden fries and a green garden salad.",,$20,,,,,#f59e0b,,,,,,images/bg1.jpg,,,,,
28/10/2026,Wednesday,Weekly Event,Quiz Night,"Every Wednesday Night from 7.00pm, $190 in prizes up for grabs. Bookings Essential.",,FREE ENTRY,,,,,#eab308,,,,,,images/bg2.jpg,,,,,
29/10/2026,Thursday,Weekly Special,Burger Day Thursdays,"Your choice of Chicken, Beer Battered Fish, Pork Belly or Coasters Beef Burger, all served with Golden Fries & Onion Rings.",,$19 each or 2 for $35!,,,,,#f97316,,,,,,images/bg3.jpg,,,,,
29/10/2026,Thursday,Happy Hour,Happy Hours!,Enjoy 10% discount on selected beverages between 4.30pm & 6.30pm.,,10% Off!,,,,,#3b82f6,,,,,,images/bg4.jpg,,,,,
29/10/2026,Thursday,Weekly Event,Free Pool Thursdays,Our Pool Table is Free all day and night on Thursdays! Grab a cue and challenge your mates.,,FREE,,,,,#f97316,,,,,,images/bg1.jpg,,,,,
30/10/2026,Friday,Happy Hour,Happy Hours!,Enjoy 10% discount on selected beverages between 4.30pm & 6.30pm.,,10% Off!,,,,,#3b82f6,,,,,,images/bg4.jpg,,,,,
31/10/2026,Saturday,🟣/🟠 TBC,,,8:00 pm,,Venue,Halloween boo!,,,,,,,,,,,,,,
01/11/2026,Sunday,Weekly Special,Two Course Sunday Roast,"Traditional roast of the day with roasted vegetables, seasonal greens and rich gravy, with an Ice Cream Sundae to finish.",,$28,,,,,#84cc16,,,,,,images/bg2.jpg,,,,,
02/11/2026,Monday,Weekly Special,Steak Day Monday's,"Start your week off with a 200g Succulent Rump Steak, cooked to your liking, served with golden fries and a green garden salad.",,$20,,,,,#f59e0b,,,,,,images/bg1.jpg,,,,,
04/11/2026,Wednesday,Weekly Event,Quiz Night,"Every Wednesday Night from 7.00pm, $190 in prizes up for grabs. Bookings Essential.",,FREE ENTRY,,,,,#eab308,,,,,,images/bg2.jpg,,,,,
05/11/2026,Thursday,Weekly Special,Burger Day Thursdays,"Your choice of Chicken, Beer Battered Fish, Pork Belly or Coasters Beef Burger, all served with Golden Fries & Onion Rings.",,$19 each or 2 for $35!,,,,,#f97316,,,,,,images/bg3.jpg,,,,,
05/11/2026,Thursday,Happy Hour,Happy Hours!,Enjoy 10% discount on selected beverages between 4.30pm & 6.30pm.,,10% Off!,,,,,#3b82f6,,,,,,images/bg4.jpg,,,,,
05/11/2026,Thursday,Weekly Event,Free Pool Thursdays,Our Pool Table is Free all day and night on Thursdays! Grab a cue and challenge your mates.,,FREE,,,,,#f97316,,,,,,images/bg1.jpg,,,,,
06/11/2026,Friday,Happy Hour,Happy Hours!,Enjoy 10% discount on selected beverages between 4.30pm & 6.30pm.,,10% Off!,,,,,#3b82f6,,,,,,images/bg4.jpg,,,,,
07/11/2026,Saturday,🟣/🟠 TBC,,,8:00 pm,,Venue,,,,,,,,,,,,,,,
08/11/2026,Sunday,Weekly Special,Two Course Sunday Roast,"Traditional roast of the day with roasted vegetables, seasonal greens and rich gravy, with an Ice Cream Sundae to finish.",,$28,,,,,#84cc16,,,,,,images/bg2.jpg,,,,,
09/11/2026,Monday,Weekly Special,Steak Day Monday's,"Start your week off with a 200g Succulent Rump Steak, cooked to your liking, served with golden fries and a green garden salad.",,$20,,,,,#f59e0b,,,,,,images/bg1.jpg,,,,,
11/11/2026,Wednesday,Weekly Event,Quiz Night,"Every Wednesday Night from 7.00pm, $190 in prizes up for grabs. Bookings Essential.",,FREE ENTRY,,,,,#eab308,,,,,,images/bg2.jpg,,,,,
12/11/2026,Thursday,Weekly Special,Burger Day Thursdays,"Your choice of Chicken, Beer Battered Fish, Pork Belly or Coasters Beef Burger, all served with Golden Fries & Onion Rings.",,$19 each or 2 for $35!,,,,,#f97316,,,,,,images/bg3.jpg,,,,,
12/11/2026,Thursday,Happy Hour,Happy Hours!,Enjoy 10% discount on selected beverages between 4.30pm & 6.30pm.,,10% Off!,,,,,#3b82f6,,,,,,images/bg4.jpg,,,,,
12/11/2026,Thursday,Weekly Event,Free Pool Thursdays,Our Pool Table is Free all day and night on Thursdays! Grab a cue and challenge your mates.,,FREE,,,,,#f97316,,,,,,images/bg1.jpg,,,,,
13/11/2026,Friday,Happy Hour,Happy Hours!,Enjoy 10% discount on selected beverages between 4.30pm & 6.30pm.,,10% Off!,,,,,#3b82f6,,,,,,images/bg4.jpg,,,,,
14/11/2026,Saturday,🟣/🟠 TBC,,,8:00 pm,,Venue,,,,,,,,,,,,,,,
15/11/2026,Sunday,Weekly Special,Two Course Sunday Roast,"Traditional roast of the day with roasted vegetables, seasonal greens and rich gravy, with an Ice Cream Sundae to finish.",,$28,,,,,#84cc16,,,,,,images/bg2.jpg,,,,,
16/11/2026,Monday,Weekly Special,Steak Day Monday's,"Start your week off with a 200g Succulent Rump Steak, cooked to your liking, served with golden fries and a green garden salad.",,$20,,,,,#f59e0b,,,,,,images/bg1.jpg,,,,,
18/11/2026,Wednesday,Weekly Event,Quiz Night,"Every Wednesday Night from 7.00pm, $190 in prizes up for grabs. Bookings Essential.",,FREE ENTRY,,,,,#eab308,,,,,,images/bg2.jpg,,,,,
19/11/2026,Thursday,Weekly Special,Burger Day Thursdays,"Your choice of Chicken, Beer Battered Fish, Pork Belly or Coasters Beef Burger, all served with Golden Fries & Onion Rings.",,$19 each or 2 for $35!,,,,,#f97316,,,,,,images/bg3.jpg,,,,,
19/11/2026,Thursday,Happy Hour,Happy Hours!,Enjoy 10% discount on selected beverages between 4.30pm & 6.30pm.,,10% Off!,,,,,#3b82f6,,,,,,images/bg4.jpg,,,,,
19/11/2026,Thursday,Weekly Event,Free Pool Thursdays,Our Pool Table is Free all day and night on Thursdays! Grab a cue and challenge your mates.,,FREE,,,,,#f97316,,,,,,images/bg1.jpg,,,,,
20/11/2026,Friday,Happy Hour,Happy Hours!,Enjoy 10% discount on selected beverages between 4.30pm & 6.30pm.,,10% Off!,,,,,#3b82f6,,,,,,images/bg4.jpg,,,,,
21/11/2026,Saturday,🟣/🟠 TBC,,,8:00 pm,,Venue,,,,,,,,,,,,,,,
22/11/2026,Sunday,Weekly Special,Two Course Sunday Roast,"Traditional roast of the day with roasted vegetables, seasonal greens and rich gravy, with an Ice Cream Sundae to finish.",,$28,,,,,#84cc16,,,,,,images/bg2.jpg,,,,,
23/11/2026,Monday,Weekly Special,Steak Day Monday's,"Start your week off with a 200g Succulent Rump Steak, cooked to your liking, served with golden fries and a green garden salad.",,$20,,,,,#f59e0b,,,,,,images/bg1.jpg,,,,,
25/11/2026,Wednesday,Weekly Event,Quiz Night,"Every Wednesday Night from 7.00pm, $190 in prizes up for grabs. Bookings Essential.",,FREE ENTRY,,,,,#eab308,,,,,,images/bg2.jpg,,,,,
26/11/2026,Thursday,Weekly Special,Burger Day Thursdays,"Your choice of Chicken, Beer Battered Fish, Pork Belly or Coasters Beef Burger, all served with Golden Fries & Onion Rings.",,$19 each or 2 for $35!,,,,,#f97316,,,,,,images/bg3.jpg,,,,,
26/11/2026,Thursday,Happy Hour,Happy Hours!,Enjoy 10% discount on selected beverages between 4.30pm & 6.30pm.,,10% Off!,,,,,#3b82f6,,,,,,images/bg4.jpg,,,,,
26/11/2026,Thursday,Weekly Event,Free Pool Thursdays,Our Pool Table is Free all day and night on Thursdays! Grab a cue and challenge your mates.,,FREE,,,,,#f97316,,,,,,images/bg1.jpg,,,,,
27/11/2026,Friday,Happy Hour,Happy Hours!,Enjoy 10% discount on selected beverages between 4.30pm & 6.30pm.,,10% Off!,,,,,#3b82f6,,,,,,images/bg4.jpg,,,,,
28/11/2026,Saturday,🟣/🟠 TBC,,,8:00 pm,,Venue,,,,,,,,,,,,,,,
29/11/2026,Sunday,Weekly Special,Two Course Sunday Roast,"Traditional roast of the day with roasted vegetables, seasonal greens and rich gravy, with an Ice Cream Sundae to finish.",,$28,,,,,#84cc16,,,,,,images/bg2.jpg,,,,,
30/11/2026,Monday,Weekly Special,Steak Day Monday's,"Start your week off with a 200g Succulent Rump Steak, cooked to your liking, served with golden fries and a green garden salad.",,$20,,,,,#f59e0b,,,,,,images/bg1.jpg,,,,,
02/12/2026,Wednesday,Weekly Event,Quiz Night,"Every Wednesday Night from 7.00pm, $190 in prizes up for grabs. Bookings Essential.",,FREE ENTRY,,,,,#eab308,,,,,,images/bg2.jpg,,,,,
03/12/2026,Thursday,Weekly Special,Burger Day Thursdays,"Your choice of Chicken, Beer Battered Fish, Pork Belly or Coasters Beef Burger, all served with Golden Fries & Onion Rings.",,$19 each or 2 for $35!,,,,,#f97316,,,,,,images/bg3.jpg,,,,,
03/12/2026,Thursday,Happy Hour,Happy Hours!,Enjoy 10% discount on selected beverages between 4.30pm & 6.30pm.,,10% Off!,,,,,#3b82f6,,,,,,images/bg4.jpg,,,,,
03/12/2026,Thursday,Weekly Event,Free Pool Thursdays,Our Pool Table is Free all day and night on Thursdays! Grab a cue and challenge your mates.,,FREE,,,,,#f97316,,,,,,images/bg1.jpg,,,,,
04/12/2026,Friday,Happy Hour,Happy Hours!,Enjoy 10% discount on selected beverages between 4.30pm & 6.30pm.,,10% Off!,,,,,#3b82f6,,,,,,images/bg4.jpg,,,,,
05/12/2026,Saturday,🟣/🟠 TBC,,,8:00 pm,,Venue,,,,,,,,,,,,,,,
06/12/2026,Sunday,Weekly Special,Two Course Sunday Roast,"Traditional roast of the day with roasted vegetables, seasonal greens and rich gravy, with an Ice Cream Sundae to finish.",,$28,,,,,#84cc16,,,,,,images/bg2.jpg,,,,,
07/12/2026,Monday,Weekly Special,Steak Day Monday's,"Start your week off with a 200g Succulent Rump Steak, cooked to your liking, served with golden fries and a green garden salad.",,$20,,,,,#f59e0b,,,,,,images/bg1.jpg,,,,,
09/12/2026,Wednesday,Weekly Event,Quiz Night,"Every Wednesday Night from 7.00pm, $190 in prizes up for grabs. Bookings Essential.",,FREE ENTRY,,,,,#eab308,,,,,,images/bg2.jpg,,,,,
10/12/2026,Thursday,Weekly Special,Burger Day Thursdays,"Your choice of Chicken, Beer Battered Fish, Pork Belly or Coasters Beef Burger, all served with Golden Fries & Onion Rings.",,$19 each or 2 for $35!,,,,,#f97316,,,,,,images/bg3.jpg,,,,,
10/12/2026,Thursday,Happy Hour,Happy Hours!,Enjoy 10% discount on selected beverages between 4.30pm & 6.30pm.,,10% Off!,,,,,#3b82f6,,,,,,images/bg4.jpg,,,,,
10/12/2026,Thursday,Weekly Event,Free Pool Thursdays,Our Pool Table is Free all day and night on Thursdays! Grab a cue and challenge your mates.,,FREE,,,,,#f97316,,,,,,images/bg1.jpg,,,,,
11/12/2026,Friday,Happy Hour,Happy Hours!,Enjoy 10% discount on selected beverages between 4.30pm & 6.30pm.,,10% Off!,,,,,#3b82f6,,,,,,images/bg4.jpg,,,,,
12/12/2026,Saturday,🟣/🟠 TBC,,,8:00 pm,,Venue,,,,,,,,,,,,,,,
13/12/2026,Sunday,Weekly Special,Two Course Sunday Roast,"Traditional roast of the day with roasted vegetables, seasonal greens and rich gravy, with an Ice Cream Sundae to finish.",,$28,,,,,#84cc16,,,,,,images/bg2.jpg,,,,,
14/12/2026,Monday,Weekly Special,Steak Day Monday's,"Start your week off with a 200g Succulent Rump Steak, cooked to your liking, served with golden fries and a green garden salad.",,$20,,,,,#f59e0b,,,,,,images/bg1.jpg,,,,,
16/12/2026,Wednesday,Weekly Event,Quiz Night,"Every Wednesday Night from 7.00pm, $190 in prizes up for grabs. Bookings Essential.",,FREE ENTRY,,,,,#eab308,,,,,,images/bg2.jpg,,,,,
17/12/2026,Thursday,Weekly Special,Burger Day Thursdays,"Your choice of Chicken, Beer Battered Fish, Pork Belly or Coasters Beef Burger, all served with Golden Fries & Onion Rings.",,$19 each or 2 for $35!,,,,,#f97316,,,,,,images/bg3.jpg,,,,,
17/12/2026,Thursday,Happy Hour,Happy Hours!,Enjoy 10% discount on selected beverages between 4.30pm & 6.30pm.,,10% Off!,,,,,#3b82f6,,,,,,images/bg4.jpg,,,,,
17/12/2026,Thursday,Weekly Event,Free Pool Thursdays,Our Pool Table is Free all day and night on Thursdays! Grab a cue and challenge your mates.,,FREE,,,,,#f97316,,,,,,images/bg1.jpg,,,,,
18/12/2026,Friday,Happy Hour,Happy Hours!,Enjoy 10% discount on selected beverages between 4.30pm & 6.30pm.,,10% Off!,,,,,#3b82f6,,,,,,images/bg4.jpg,,,,,
19/12/2026,Saturday,🟣/🟠 TBC,,,8:00 pm,,Venue,,,,,,,,,,,,,,,
20/12/2026,Sunday,Weekly Special,Two Course Sunday Roast,"Traditional roast of the day with roasted vegetables, seasonal greens and rich gravy, with an Ice Cream Sundae to finish.",,$28,,,,,#84cc16,,,,,,images/bg2.jpg,,,,,
21/12/2026,Monday,Weekly Special,Steak Day Monday's,"Start your week off with a 200g Succulent Rump Steak, cooked to your liking, served with golden fries and a green garden salad.",,$20,,,,,#f59e0b,,,,,,images/bg1.jpg,,,,,
23/12/2026,Wednesday,Weekly Event,Quiz Night,"Every Wednesday Night from 7.00pm, $190 in prizes up for grabs. Bookings Essential.",,FREE ENTRY,,,,,#eab308,,,,,,images/bg2.jpg,,,,,
24/12/2026,Thursday,Weekly Special,Burger Day Thursdays,"Your choice of Chicken, Beer Battered Fish, Pork Belly or Coasters Beef Burger, all served with Golden Fries & Onion Rings.",,$19 each or 2 for $35!,,,,,#f97316,,,,,,images/bg3.jpg,,,,,
24/12/2026,Thursday,Happy Hour,Happy Hours!,Enjoy 10% discount on selected beverages between 4.30pm & 6.30pm.,,10% Off!,,,,,#3b82f6,,,,,,images/bg4.jpg,,,,,
24/12/2026,Thursday,Weekly Event,Free Pool Thursdays,Our Pool Table is Free all day and night on Thursdays! Grab a cue and challenge your mates.,,FREE,,,,,#f97316,,,,,,images/bg1.jpg,,,,,
25/12/2026,Friday,Happy Hour,Happy Hours!,Enjoy 10% discount on selected beverages between 4.30pm & 6.30pm.,,10% Off!,,,,,#3b82f6,,,,,,images/bg4.jpg,,,,,
26/12/2026,Saturday,🟣/🟠 TBC,,,8:00 pm,,Venue,Boxing Day,,,,,,,,,,,,,,
27/12/2026,Sunday,Weekly Special,Two Course Sunday Roast,"Traditional roast of the day with roasted vegetables, seasonal greens and rich gravy, with an Ice Cream Sundae to finish.",,$28,,,,,#84cc16,,,,,,images/bg2.jpg,,,,,
28/12/2026,Monday,Weekly Special,Steak Day Monday's,"Start your week off with a 200g Succulent Rump Steak, cooked to your liking, served with golden fries and a green garden salad.",,$20,,,,,#f59e0b,,,,,,images/bg1.jpg,,,,,
30/12/2026,Wednesday,Weekly Event,Quiz Night,"Every Wednesday Night from 7.00pm, $190 in prizes up for grabs. Bookings Essential.",,FREE ENTRY,,,,,#eab308,,,,,,images/bg2.jpg,,,,,
31/12/2026,Thursday,Weekly Special,Burger Day Thursdays,"Your choice of Chicken, Beer Battered Fish, Pork Belly or Coasters Beef Burger, all served with Golden Fries & Onion Rings.",,$19 each or 2 for $35!,,,,,#f97316,,,,,,images/bg3.jpg,,,,,
31/12/2026,Thursday,Happy Hour,Happy Hours!,Enjoy 10% discount on selected beverages between 4.30pm & 6.30pm.,,10% Off!,,,,,#3b82f6,,,,,,images/bg4.jpg,,,,,
31/12/2026,Thursday,Weekly Event,Free Pool Thursdays,Our Pool Table is Free all day and night on Thursdays! Grab a cue and challenge your mates.,,FREE,,,,,#f97316,,,,,,images/bg1.jpg,,,,,
31/12/2026,,🟣/🟠 TBC,NEW YEARS EVE,TBC,TBC,,,,,,,,,,,,,,,,,
01/01/2027,Friday,Happy Hour,Happy Hours!,Enjoy 10% discount on selected beverages between 4.30pm & 6.30pm.,,10% Off!,,,,,#3b82f6,,,,,,images/bg4.jpg,,,,,
03/01/2027,Sunday,Weekly Special,Two Course Sunday Roast,"Traditional roast of the day with roasted vegetables, seasonal greens and rich gravy, with an Ice Cream Sundae to finish.",,$28,,,,,#84cc16,,,,,,images/bg2.jpg,,,,,
04/01/2027,Monday,Weekly Special,Steak Day Monday's,"Start your week off with a 200g Succulent Rump Steak, cooked to your liking, served with golden fries and a green garden salad.",,$20,,,,,#f59e0b,,,,,,images/bg1.jpg,,,,,
06/01/2027,Wednesday,Weekly Event,Quiz Night,"Every Wednesday Night from 7.00pm, $190 in prizes up for grabs. Bookings Essential.",,FREE ENTRY,,,,,#eab308,,,,,,images/bg2.jpg,,,,,
07/01/2027,Thursday,Weekly Special,Burger Day Thursdays,"Your choice of Chicken, Beer Battered Fish, Pork Belly or Coasters Beef Burger, all served with Golden Fries & Onion Rings.",,$19 each or 2 for $35!,,,,,#f97316,,,,,,images/bg3.jpg,,,,,
07/01/2027,Thursday,Happy Hour,Happy Hours!,Enjoy 10% discount on selected beverages between 4.30pm & 6.30pm.,,10% Off!,,,,,#3b82f6,,,,,,images/bg4.jpg,,,,,
07/01/2027,Thursday,Weekly Event,Free Pool Thursdays,Our Pool Table is Free all day and night on Thursdays! Grab a cue and challenge your mates.,,FREE,,,,,#f97316,,,,,,images/bg1.jpg,,,,,
08/01/2027,Friday,Happy Hour,Happy Hours!,Enjoy 10% discount on selected beverages between 4.30pm & 6.30pm.,,10% Off!,,,,,#3b82f6,,,,,,images/bg4.jpg,,,,,
10/01/2027,Sunday,Weekly Special,Two Course Sunday Roast,"Traditional roast of the day with roasted vegetables, seasonal greens and rich gravy, with an Ice Cream Sundae to finish.",,$28,,,,,#84cc16,,,,,,images/bg2.jpg,,,,,
11/01/2027,Monday,Weekly Special,Steak Day Monday's,"Start your week off with a 200g Succulent Rump Steak, cooked to your liking, served with golden fries and a green garden salad.",,$20,,,,,#f59e0b,,,,,,images/bg1.jpg,,,,,
13/01/2027,Wednesday,Weekly Event,Quiz Night,"Every Wednesday Night from 7.00pm, $190 in prizes up for grabs. Bookings Essential.",,FREE ENTRY,,,,,#eab308,,,,,,images/bg2.jpg,,,,,
14/01/2027,Thursday,Weekly Special,Burger Day Thursdays,"Your choice of Chicken, Beer Battered Fish, Pork Belly or Coasters Beef Burger, all served with Golden Fries & Onion Rings.",,$19 each or 2 for $35!,,,,,#f97316,,,,,,images/bg3.jpg,,,,,
14/01/2027,Thursday,Happy Hour,Happy Hours!,Enjoy 10% discount on selected beverages between 4.30pm & 6.30pm.,,10% Off!,,,,,#3b82f6,,,,,,images/bg4.jpg,,,,,
14/01/2027,Thursday,Weekly Event,Free Pool Thursdays,Our Pool Table is Free all day and night on Thursdays! Grab a cue and challenge your mates.,,FREE,,,,,#f97316,,,,,,images/bg1.jpg,,,,,
15/01/2027,Friday,Happy Hour,Happy Hours!,Enjoy 10% discount on selected beverages between 4.30pm & 6.30pm.,,10% Off!,,,,,#3b82f6,,,,,,images/bg4.jpg,,,,,
17/01/2027,Sunday,Weekly Special,Two Course Sunday Roast,"Traditional roast of the day with roasted vegetables, seasonal greens and rich gravy, with an Ice Cream Sundae to finish.",,$28,,,,,#84cc16,,,,,,images/bg2.jpg,,,,,
18/01/2027,Monday,Weekly Special,Steak Day Monday's,"Start your week off with a 200g Succulent Rump Steak, cooked to your liking, served with golden fries and a green garden salad.",,$20,,,,,#f59e0b,,,,,,images/bg1.jpg,,,,,
20/01/2027,Wednesday,Weekly Event,Quiz Night,"Every Wednesday Night from 7.00pm, $190 in prizes up for grabs. Bookings Essential.",,FREE ENTRY,,,,,#eab308,,,,,,images/bg2.jpg,,,,,
21/01/2027,Thursday,Weekly Special,Burger Day Thursdays,"Your choice of Chicken, Beer Battered Fish, Pork Belly or Coasters Beef Burger, all served with Golden Fries & Onion Rings.",,$19 each or 2 for $35!,,,,,#f97316,,,,,,images/bg3.jpg,,,,,
21/01/2027,Thursday,Happy Hour,Happy Hours!,Enjoy 10% discount on selected beverages between 4.30pm & 6.30pm.,,10% Off!,,,,,#3b82f6,,,,,,images/bg4.jpg,,,,,
21/01/2027,Thursday,Weekly Event,Free Pool Thursdays,Our Pool Table is Free all day and night on Thursdays! Grab a cue and challenge your mates.,,FREE,,,,,#f97316,,,,,,images/bg1.jpg,,,,,
22/01/2027,Friday,Happy Hour,Happy Hours!,Enjoy 10% discount on selected beverages between 4.30pm & 6.30pm.,,10% Off!,,,,,#3b82f6,,,,,,images/bg4.jpg,,,,,
24/01/2027,Sunday,Weekly Special,Two Course Sunday Roast,"Traditional roast of the day with roasted vegetables, seasonal greens and rich gravy, with an Ice Cream Sundae to finish.",,$28,,,,,#84cc16,,,,,,images/bg2.jpg,,,,,
25/01/2027,Monday,Weekly Special,Steak Day Monday's,"Start your week off with a 200g Succulent Rump Steak, cooked to your liking, served with golden fries and a green garden salad.",,$20,,,,,#f59e0b,,,,,,images/bg1.jpg,,,,,
27/01/2027,Wednesday,Weekly Event,Quiz Night,"Every Wednesday Night from 7.00pm, $190 in prizes up for grabs. Bookings Essential.",,FREE ENTRY,,,,,#eab308,,,,,,images/bg2.jpg,,,,,
28/01/2027,Thursday,Weekly Special,Burger Day Thursdays,"Your choice of Chicken, Beer Battered Fish, Pork Belly or Coasters Beef Burger, all served with Golden Fries & Onion Rings.",,$19 each or 2 for $35!,,,,,#f97316,,,,,,images/bg3.jpg,,,,,
28/01/2027,Thursday,Happy Hour,Happy Hours!,Enjoy 10% discount on selected beverages between 4.30pm & 6.30pm.,,10% Off!,,,,,#3b82f6,,,,,,images/bg4.jpg,,,,,
28/01/2027,Thursday,Weekly Event,Free Pool Thursdays,Our Pool Table is Free all day and night on Thursdays! Grab a cue and challenge your mates.,,FREE,,,,,#f97316,,,,,,images/bg1.jpg,,,,,
29/01/2027,Friday,Happy Hour,Happy Hours!,Enjoy 10% discount on selected beverages between 4.30pm & 6.30pm.,,10% Off!,,,,,#3b82f6,,,,,,images/bg4.jpg,,,,,
31/01/2027,Sunday,Weekly Special,Two Course Sunday Roast,"Traditional roast of the day with roasted vegetables, seasonal greens and rich gravy, with an Ice Cream Sundae to finish.",,$28,,,,,#84cc16,,,,,,images/bg2.jpg,,,,,
11-13 Sep,Weekend,NRL,🏆 NRL Finals,Qualifying & Elimination Finals,TBC,,TBC,Qualifying & Elimination Finals,,,,,,,,,,,,,,
18-19 Sep,Weekend,NRL,🏆 NRL Finals,Semi Finals,TBC,,TBC,Semi Finals,,,,,,,,,,,,,,
25-26 Sep,Weekend,NRL,🏆 NRL Finals,Preliminary Finals,TBC,,TBC,Preliminary Finals,,,,,,,,,,,,,,
TBC Jun,Weekend,Super Rugby,Crusaders,Quarter Finals,TBC,,TBC,Quarter Finals,,,,,,,,,,,,,,
TBC Jun,Weekend,Super Rugby,Crusaders,Semi Finals,TBC,,TBC,Semi Finals,,,,,,,,,,,,,,
TBC Jun,Weekend,Super Rugby,Crusaders,Final,TBC,,TBC,Final,,,,,,,,,,,,,,